Position,Block,Inventory
"(0, 0, 0)",minecraft:bedrock,
"(0, 0, 1)",minecraft:bedrock,
"(0, 0, 2)",minecraft:bedrock,
"(0, 0, 3)",minecraft:bedrock,
"(0, 0, 4)",minecraft:bedrock,
"(0, 0, 5)",minecraft:bedrock,
"(0, 0, 6)",minecraft:bedrock,
"(0, 0, 7)",minecraft:bedrock,
"(0, 0, 8)",minecraft:bedrock,
"(0, 0, 9)",minecraft:bedrock,
"(0, 0, 10)",minecraft:bedrock,
"(0, 0, 11)",minecraft:bedrock,
"(0, 0, 12)",minecraft:bedrock,
"(0, 0, 13)",minecraft:bedrock,
"(0, 0, 14)",minecraft:bedrock,
"(0, 0, 15)",minecraft:bedrock,
"(0, 0, 16)",minecraft:bedrock,
"(0, 0, 17)",minecraft:bedrock,
"(0, 0, 18)",minecraft:bedrock,
"(0, 0, 19)",minecraft:bedrock,
"(0, 0, 20)",minecraft:bedrock,
"(0, 0, 21)",minecraft:bedrock,
"(0, 0, 22)",minecraft:bedrock,
"(0, 0, 23)",minecraft:bedrock,
"(0, 0, 24)",minecraft:bedrock,
"(0, 5, 11)","minecraft:spruce_wall_sign[facing=west,waterlogged=false]",
"(0, 5, 13)","minecraft:spruce_wall_sign[facing=west,waterlogged=false]",
"(1, 0, 0)",minecraft:bedrock,
"(1, 0, 1)",minecraft:bedrock,
"(1, 0, 2)",minecraft:bedrock,
"(1, 0, 3)",minecraft:bedrock,
"(1, 0, 4)",minecraft:bedrock,
"(1, 0, 5)",minecraft:bedrock,
"(1, 0, 6)",minecraft:bedrock,
"(1, 0, 7)",minecraft:bedrock,
"(1, 0, 8)",minecraft:bedrock,
"(1, 0, 9)",minecraft:bedrock,
"(1, 0, 10)",minecraft:bedrock,
"(1, 0, 11)",minecraft:bedrock,
"(1, 0, 12)",minecraft:bedrock,
"(1, 0, 13)",minecraft:bedrock,
"(1, 0, 14)",minecraft:bedrock,
"(1, 0, 15)",minecraft:bedrock,
"(1, 0, 16)",minecraft:bedrock,
"(1, 0, 17)",minecraft:bedrock,
"(1, 0, 18)",minecraft:bedrock,
"(1, 0, 19)",minecraft:bedrock,
"(1, 0, 20)",minecraft:bedrock,
"(1, 0, 21)",minecraft:bedrock,
"(1, 0, 22)",minecraft:bedrock,
"(1, 0, 23)",minecraft:bedrock,
"(1, 0, 24)",minecraft:bedrock,
"(1, 3, 11)",minecraft:cobblestone,
"(1, 3, 12)",minecraft:cobblestone,
"(1, 3, 13)",minecraft:cobblestone,
"(1, 4, 11)","minecraft:quartz_stairs[facing=east,half=top,shape=straight,waterlogged=false]",
"(1, 4, 12)","minecraft:quartz_stairs[facing=east,half=top,shape=straight,waterlogged=false]",
"(1, 4, 13)","minecraft:quartz_stairs[facing=east,half=top,shape=straight,waterlogged=false]",
"(1, 5, 11)","minecraft:spruce_stairs[facing=south,half=bottom,shape=straight,waterlogged=false]",
"(1, 5, 12)",minecraft:sea_lantern,
"(1, 5, 13)","minecraft:spruce_stairs[facing=north,half=bottom,shape=straight,waterlogged=false]",
"(1, 6, 12)",minecraft:white_carpet,
"(2, 0, 0)",minecraft:bedrock,
"(2, 0, 1)",minecraft:bedrock,
"(2, 0, 2)",minecraft:bedrock,
"(2, 0, 3)",minecraft:bedrock,
"(2, 0, 4)",minecraft:bedrock,
"(2, 0, 5)",minecraft:bedrock,
"(2, 0, 6)",minecraft:bedrock,
"(2, 0, 7)",minecraft:bedrock,
"(2, 0, 8)",minecraft:bedrock,
"(2, 0, 9)",minecraft:bedrock,
"(2, 0, 10)",minecraft:bedrock,
"(2, 0, 11)",minecraft:bedrock,
"(2, 0, 12)",minecraft:bedrock,
"(2, 0, 13)",minecraft:bedrock,
"(2, 0, 14)",minecraft:bedrock,
"(2, 0, 15)",minecraft:bedrock,
"(2, 0, 16)",minecraft:bedrock,
"(2, 0, 17)",minecraft:bedrock,
"(2, 0, 18)",minecraft:bedrock,
"(2, 0, 19)",minecraft:bedrock,
"(2, 0, 20)",minecraft:bedrock,
"(2, 0, 21)",minecraft:bedrock,
"(2, 0, 22)",minecraft:bedrock,
"(2, 0, 23)",minecraft:bedrock,
"(2, 0, 24)",minecraft:bedrock,
"(2, 3, 11)",minecraft:cobblestone,
"(2, 3, 12)",minecraft:cobblestone,
"(2, 3, 13)",minecraft:cobblestone,
"(2, 4, 11)",minecraft:black_concrete,
"(2, 4, 12)",minecraft:gold_block,
"(2, 4, 13)",minecraft:black_concrete,
"(2, 5, 11)",minecraft:spruce_planks,
"(2, 5, 13)",minecraft:spruce_planks,
"(2, 6, 10)","minecraft:white_stained_glass_pane[east=false,north=false,south=true,waterlogged=false,west=false]",
"(2, 6, 11)",minecraft:glass,
"(2, 6, 13)",minecraft:glass,
"(2, 6, 14)","minecraft:white_stained_glass_pane[east=false,north=true,south=false,waterlogged=false,west=false]",
"(2, 7, 11)","minecraft:quartz_slab[type=bottom,waterlogged=false]",
"(2, 7, 12)","minecraft:quartz_slab[type=bottom,waterlogged=false]",
"(2, 7, 13)","minecraft:quartz_slab[type=bottom,waterlogged=false]",
"(3, 0, 0)",minecraft:bedrock,
"(3, 0, 1)",minecraft:bedrock,
"(3, 0, 2)",minecraft:bedrock,
"(3, 0, 3)",minecraft:bedrock,
"(3, 0, 4)",minecraft:bedrock,
"(3, 0, 5)",minecraft:bedrock,
"(3, 0, 6)",minecraft:bedrock,
"(3, 0, 7)",minecraft:bedrock,
"(3, 0, 8)",minecraft:bedrock,
"(3, 0, 9)",minecraft:bedrock,
"(3, 0, 10)",minecraft:bedrock,
"(3, 0, 11)",minecraft:bedrock,
"(3, 0, 12)",minecraft:bedrock,
"(3, 0, 13)",minecraft:bedrock,
"(3, 0, 14)",minecraft:bedrock,
"(3, 0, 15)",minecraft:bedrock,
"(3, 0, 16)",minecraft:bedrock,
"(3, 0, 17)",minecraft:bedrock,
"(3, 0, 18)",minecraft:bedrock,
"(3, 0, 19)",minecraft:bedrock,
"(3, 0, 20)",minecraft:bedrock,
"(3, 0, 21)",minecraft:bedrock,
"(3, 0, 22)",minecraft:bedrock,
"(3, 0, 23)",minecraft:bedrock,
"(3, 0, 24)",minecraft:bedrock,
"(3, 3, 11)",minecraft:cobblestone,
"(3, 3, 12)",minecraft:cobblestone,
"(3, 3, 13)",minecraft:cobblestone,
"(3, 4, 11)","minecraft:quartz_stairs[facing=south,half=top,shape=straight,waterlogged=false]",
"(3, 4, 12)",minecraft:spruce_planks,
"(3, 4, 13)","minecraft:quartz_stairs[facing=north,half=top,shape=straight,waterlogged=false]",
"(3, 5, 11)",minecraft:spruce_planks,
"(3, 5, 12)",minecraft:spruce_planks,
"(3, 5, 13)",minecraft:spruce_planks,
"(3, 6, 11)",minecraft:spruce_planks,
"(3, 6, 12)",minecraft:spruce_planks,
"(3, 6, 13)",minecraft:spruce_planks,
"(3, 7, 11)","minecraft:quartz_slab[type=bottom,waterlogged=false]",
"(3, 7, 12)","minecraft:quartz_slab[type=bottom,waterlogged=false]",
"(3, 7, 13)","minecraft:quartz_slab[type=bottom,waterlogged=false]",
"(4, 0, 0)",minecraft:bedrock,
"(4, 0, 1)",minecraft:bedrock,
"(4, 0, 2)",minecraft:bedrock,
"(4, 0, 3)",minecraft:bedrock,
"(4, 0, 4)",minecraft:bedrock,
"(4, 0, 5)",minecraft:bedrock,
"(4, 0, 6)",minecraft:bedrock,
"(4, 0, 7)",minecraft:bedrock,
"(4, 0, 8)",minecraft:bedrock,
"(4, 0, 9)",minecraft:bedrock,
"(4, 0, 10)",minecraft:bedrock,
"(4, 0, 11)",minecraft:bedrock,
"(4, 0, 12)",minecraft:bedrock,
"(4, 0, 13)",minecraft:bedrock,
"(4, 0, 14)",minecraft:bedrock,
"(4, 0, 15)",minecraft:bedrock,
"(4, 0, 16)",minecraft:bedrock,
"(4, 0, 17)",minecraft:bedrock,
"(4, 0, 18)",minecraft:bedrock,
"(4, 0, 19)",minecraft:bedrock,
"(4, 0, 20)",minecraft:bedrock,
"(4, 0, 21)",minecraft:bedrock,
"(4, 0, 22)",minecraft:bedrock,
"(4, 0, 23)",minecraft:bedrock,
"(4, 0, 24)",minecraft:bedrock,
"(4, 3, 12)",minecraft:cobblestone,
"(4, 3, 13)",minecraft:cobblestone,
"(4, 4, 11)","minecraft:quartz_stairs[facing=south,half=top,shape=straight,waterlogged=false]",
"(4, 4, 13)","minecraft:quartz_stairs[facing=north,half=top,shape=straight,waterlogged=false]",
"(4, 5, 10)","minecraft:spruce_trapdoor[facing=north,half=top,open=true,powered=false,waterlogged=false]",
"(4, 5, 11)",minecraft:deepslate_redstone_ore[lit=false],
"(4, 5, 12)",minecraft:deepslate_redstone_ore[lit=false],
"(4, 5, 13)",minecraft:deepslate_redstone_ore[lit=false],
"(4, 5, 14)","minecraft:spruce_trapdoor[facing=south,half=top,open=true,powered=false,waterlogged=false]",
"(4, 6, 12)",minecraft:redstone_ore[lit=false],
"(5, 0, 0)",minecraft:bedrock,
"(5, 0, 1)",minecraft:bedrock,
"(5, 0, 2)",minecraft:bedrock,
"(5, 0, 3)",minecraft:bedrock,
"(5, 0, 4)",minecraft:bedrock,
"(5, 0, 5)",minecraft:bedrock,
"(5, 0, 6)",minecraft:bedrock,
"(5, 0, 7)",minecraft:bedrock,
"(5, 0, 8)",minecraft:bedrock,
"(5, 0, 9)",minecraft:bedrock,
"(5, 0, 10)",minecraft:bedrock,
"(5, 0, 11)",minecraft:bedrock,
"(5, 0, 12)",minecraft:bedrock,
"(5, 0, 13)",minecraft:bedrock,
"(5, 0, 14)",minecraft:bedrock,
"(5, 0, 15)",minecraft:bedrock,
"(5, 0, 16)",minecraft:bedrock,
"(5, 0, 17)",minecraft:bedrock,
"(5, 0, 18)",minecraft:bedrock,
"(5, 0, 19)",minecraft:bedrock,
"(5, 0, 20)",minecraft:bedrock,
"(5, 0, 21)",minecraft:bedrock,
"(5, 0, 22)",minecraft:bedrock,
"(5, 0, 23)",minecraft:bedrock,
"(5, 0, 24)",minecraft:bedrock,
"(5, 3, 11)",minecraft:cobblestone,
"(5, 3, 12)",minecraft:cobblestone,
"(5, 3, 13)",minecraft:cobblestone,
"(5, 4, 11)",minecraft:black_concrete,
"(5, 4, 13)",minecraft:black_concrete,
"(5, 5, 10)","minecraft:spruce_trapdoor[facing=north,half=top,open=true,powered=false,waterlogged=false]",
"(5, 5, 11)",minecraft:deepslate_redstone_ore[lit=false],
"(5, 5, 12)",minecraft:redstone_ore[lit=false],
"(5, 5, 13)",minecraft:redstone_ore[lit=false],
"(5, 5, 14)","minecraft:spruce_trapdoor[facing=south,half=top,open=true,powered=false,waterlogged=false]",
"(6, 0, 0)",minecraft:bedrock,
"(6, 0, 1)",minecraft:bedrock,
"(6, 0, 2)",minecraft:bedrock,
"(6, 0, 3)",minecraft:bedrock,
"(6, 0, 4)",minecraft:bedrock,
"(6, 0, 5)",minecraft:bedrock,
"(6, 0, 6)",minecraft:bedrock,
"(6, 0, 7)",minecraft:bedrock,
"(6, 0, 8)",minecraft:bedrock,
"(6, 0, 9)",minecraft:bedrock,
"(6, 0, 10)",minecraft:bedrock,
"(6, 0, 11)",minecraft:bedrock,
"(6, 0, 12)",minecraft:bedrock,
"(6, 0, 13)",minecraft:bedrock,
"(6, 0, 14)",minecraft:bedrock,
"(6, 0, 15)",minecraft:bedrock,
"(6, 0, 16)",minecraft:bedrock,
"(6, 0, 17)",minecraft:bedrock,
"(6, 0, 18)",minecraft:bedrock,
"(6, 0, 19)",minecraft:bedrock,
"(6, 0, 20)",minecraft:bedrock,
"(6, 0, 21)",minecraft:bedrock,
"(6, 0, 22)",minecraft:bedrock,
"(6, 0, 23)",minecraft:bedrock,
"(6, 0, 24)",minecraft:bedrock,
"(6, 1, 10)",minecraft:stripped_oak_wood[axis=x],
"(6, 1, 11)","minecraft:comparator[facing=south,mode=compare,powered=true]",
"(6, 1, 12)","minecraft:hopper[enabled=true,facing=south]",redstone*5
"(6, 1, 13)","minecraft:hopper[enabled=false,facing=north]",redstone*5
"(6, 1, 14)","minecraft:comparator[facing=north,mode=compare,powered=true]",
"(6, 1, 15)",minecraft:stripped_oak_wood[axis=x],
"(6, 2, 10)","minecraft:redstone_wire[east=side,north=side,power=1,south=side,west=side]",
"(6, 2, 11)","minecraft:sticky_piston[extended=true,facing=south]",
"(6, 2, 12)","minecraft:piston_head[facing=south,short=false,type=sticky]",
"(6, 2, 13)",minecraft:redstone_block,
"(6, 2, 14)","minecraft:sticky_piston[extended=false,facing=north]",
"(6, 2, 15)","minecraft:redstone_wire[east=side,north=side,power=1,south=side,west=side]",
"(6, 3, 11)",minecraft:cobblestone,
"(6, 3, 12)",minecraft:cobblestone,
"(6, 3, 13)",minecraft:cobblestone,
"(6, 4, 11)","minecraft:quartz_stairs[facing=west,half=top,shape=straight,waterlogged=false]",
"(6, 4, 12)","minecraft:quartz_stairs[facing=west,half=top,shape=straight,waterlogged=false]",
"(6, 4, 13)","minecraft:quartz_stairs[facing=west,half=top,shape=straight,waterlogged=false]",
"(6, 5, 10)","minecraft:spruce_trapdoor[facing=north,half=top,open=true,powered=false,waterlogged=false]",
"(6, 5, 11)",minecraft:redstone_ore[lit=false],
"(6, 5, 12)",minecraft:deepslate_redstone_ore[lit=false],
"(6, 5, 13)",minecraft:deepslate_redstone_ore[lit=false],
"(6, 5, 14)","minecraft:spruce_trapdoor[facing=south,half=top,open=true,powered=false,waterlogged=false]",
"(7, 0, 0)",minecraft:bedrock,
"(7, 0, 1)",minecraft:bedrock,
"(7, 0, 2)",minecraft:bedrock,
"(7, 0, 3)",minecraft:bedrock,
"(7, 0, 4)",minecraft:bedrock,
"(7, 0, 5)",minecraft:bedrock,
"(7, 0, 6)",minecraft:bedrock,
"(7, 0, 7)",minecraft:bedrock,
"(7, 0, 8)",minecraft:bedrock,
"(7, 0, 9)",minecraft:bedrock,
"(7, 0, 10)",minecraft:bedrock,
"(7, 0, 11)",minecraft:bedrock,
"(7, 0, 12)",minecraft:bedrock,
"(7, 0, 13)",minecraft:bedrock,
"(7, 0, 14)",minecraft:bedrock,
"(7, 0, 15)",minecraft:bedrock,
"(7, 0, 16)",minecraft:bedrock,
"(7, 0, 17)",minecraft:bedrock,
"(7, 0, 18)",minecraft:bedrock,
"(7, 0, 19)",minecraft:bedrock,
"(7, 0, 20)",minecraft:bedrock,
"(7, 0, 21)",minecraft:bedrock,
"(7, 0, 22)",minecraft:bedrock,
"(7, 0, 23)",minecraft:bedrock,
"(7, 0, 24)",minecraft:bedrock,
"(7, 1, 12)",minecraft:stone_bricks,
"(7, 2, 12)","minecraft:repeater[delay=1,facing=west,locked=false,powered=false]",
"(7, 3, 12)","minecraft:hopper[enabled=true,facing=east]",redstone*5
"(7, 4, 12)","minecraft:spruce_fence_gate[facing=west,in_wall=false,open=true,powered=false]",
"(7, 5, 11)","minecraft:spruce_trapdoor[facing=east,half=top,open=true,powered=false,waterlogged=false]",
"(7, 5, 13)","minecraft:spruce_trapdoor[facing=east,half=top,open=true,powered=false,waterlogged=false]",
"(8, 0, 0)",minecraft:bedrock,
"(8, 0, 1)",minecraft:bedrock,
"(8, 0, 2)",minecraft:bedrock,
"(8, 0, 3)",minecraft:bedrock,
"(8, 0, 4)",minecraft:bedrock,
"(8, 0, 5)",minecraft:bedrock,
"(8, 0, 6)",minecraft:bedrock,
"(8, 0, 7)",minecraft:bedrock,
"(8, 0, 8)",minecraft:bedrock,
"(8, 0, 9)",minecraft:bedrock,
"(8, 0, 10)",minecraft:bedrock,
"(8, 0, 11)",minecraft:bedrock,
"(8, 0, 12)",minecraft:bedrock,
"(8, 0, 13)",minecraft:bedrock,
"(8, 0, 14)",minecraft:bedrock,
"(8, 0, 15)",minecraft:bedrock,
"(8, 0, 16)",minecraft:bedrock,
"(8, 0, 17)",minecraft:bedrock,
"(8, 0, 18)",minecraft:bedrock,
"(8, 0, 19)",minecraft:bedrock,
"(8, 0, 20)",minecraft:bedrock,
"(8, 0, 21)",minecraft:bedrock,
"(8, 0, 22)",minecraft:bedrock,
"(8, 0, 23)",minecraft:bedrock,
"(8, 0, 24)",minecraft:bedrock,
"(8, 1, 8)",minecraft:white_concrete,
"(8, 1, 9)",minecraft:white_concrete,
"(8, 1, 10)",minecraft:white_concrete,
"(8, 1, 11)",minecraft:white_concrete,
"(8, 1, 12)",minecraft:white_concrete,
"(8, 1, 13)",minecraft:white_concrete,
"(8, 1, 14)",minecraft:white_concrete,
"(8, 1, 15)",minecraft:white_concrete,
"(8, 1, 16)",minecraft:white_concrete,
"(8, 2, 8)",minecraft:white_concrete,
"(8, 2, 9)",minecraft:white_concrete,
"(8, 2, 10)",minecraft:white_concrete,
"(8, 2, 11)",minecraft:white_concrete,
"(8, 2, 12)",minecraft:white_concrete,
"(8, 2, 13)",minecraft:white_concrete,
"(8, 2, 14)",minecraft:white_concrete,
"(8, 2, 15)",minecraft:white_concrete,
"(8, 2, 16)",minecraft:white_concrete,
"(8, 3, 8)",minecraft:white_concrete,
"(8, 3, 9)",minecraft:white_concrete,
"(8, 3, 10)",minecraft:white_concrete,
"(8, 3, 11)",minecraft:white_concrete,
"(8, 3, 12)","minecraft:dropper[facing=east,triggered=false]","redstone*64,redstone*64,redstone*64,redstone*64,redstone*64,redstone*64,redstone*64,redstone*64,redstone*64"
"(8, 3, 13)",minecraft:white_concrete,
"(8, 3, 14)",minecraft:white_concrete,
"(8, 3, 15)",minecraft:white_concrete,
"(8, 3, 16)",minecraft:white_concrete,
"(9, 0, 0)",minecraft:bedrock,
"(9, 0, 1)",minecraft:bedrock,
"(9, 0, 2)",minecraft:bedrock,
"(9, 0, 3)",minecraft:bedrock,
"(9, 0, 4)",minecraft:bedrock,
"(9, 0, 5)",minecraft:bedrock,
"(9, 0, 6)",minecraft:bedrock,
"(9, 0, 7)",minecraft:bedrock,
"(9, 0, 8)",minecraft:bedrock,
"(9, 0, 9)",minecraft:bedrock,
"(9, 0, 10)",minecraft:bedrock,
"(9, 0, 11)",minecraft:bedrock,
"(9, 0, 12)",minecraft:bedrock,
"(9, 0, 13)",minecraft:bedrock,
"(9, 0, 14)",minecraft:bedrock,
"(9, 0, 15)",minecraft:bedrock,
"(9, 0, 16)",minecraft:bedrock,
"(9, 0, 17)",minecraft:bedrock,
"(9, 0, 18)",minecraft:bedrock,
"(9, 0, 19)",minecraft:bedrock,
"(9, 0, 20)",minecraft:bedrock,
"(9, 0, 21)",minecraft:bedrock,
"(9, 0, 22)",minecraft:bedrock,
"(9, 0, 23)",minecraft:bedrock,
"(9, 0, 24)",minecraft:bedrock,
"(9, 1, 6)",minecraft:stripped_oak_wood[axis=z],
"(9, 1, 8)",minecraft:white_concrete,
"(9, 1, 9)",minecraft:white_concrete,
"(9, 1, 10)",minecraft:white_concrete,
"(9, 1, 11)",minecraft:white_concrete,
"(9, 1, 12)",minecraft:white_concrete,
"(9, 1, 13)",minecraft:white_concrete,
"(9, 1, 14)",minecraft:white_concrete,
"(9, 1, 15)",minecraft:white_concrete,
"(9, 1, 16)",minecraft:white_concrete,
"(9, 2, 6)","minecraft:redstone_wire[east=side,north=side,power=1,south=side,west=side]",
"(9, 2, 8)",minecraft:white_concrete,
"(9, 2, 9)",minecraft:water[level=0],
"(9, 2, 10)",minecraft:water[level=1],
"(9, 2, 11)",minecraft:water[level=2],
"(9, 2, 12)",minecraft:water[level=3],
"(9, 2, 13)",minecraft:water[level=2],
"(9, 2, 14)",minecraft:water[level=1],
"(9, 2, 15)",minecraft:water[level=0],
"(9, 2, 16)",minecraft:white_concrete,
"(9, 3, 8)",minecraft:white_concrete,
"(9, 3, 9)",minecraft:air,
"(9, 3, 10)",minecraft:air,
"(9, 3, 11)",minecraft:air,
"(9, 3, 12)",minecraft:air,
"(9, 3, 13)",minecraft:air,
"(9, 3, 14)",minecraft:air,
"(9, 3, 15)",minecraft:air,
"(9, 3, 16)",minecraft:white_concrete,
"(10, 0, 0)",minecraft:bedrock,
"(10, 0, 1)",minecraft:bedrock,
"(10, 0, 2)",minecraft:bedrock,
"(10, 0, 3)",minecraft:bedrock,
"(10, 0, 4)",minecraft:bedrock,
"(10, 0, 5)",minecraft:bedrock,
"(10, 0, 6)",minecraft:bedrock,
"(10, 0, 7)",minecraft:bedrock,
"(10, 0, 8)",minecraft:bedrock,
"(10, 0, 9)",minecraft:bedrock,
"(10, 0, 10)",minecraft:bedrock,
"(10, 0, 11)",minecraft:bedrock,
"(10, 0, 12)",minecraft:bedrock,
"(10, 0, 13)",minecraft:bedrock,
"(10, 0, 14)",minecraft:bedrock,
"(10, 0, 15)",minecraft:bedrock,
"(10, 0, 16)",minecraft:bedrock,
"(10, 0, 17)",minecraft:bedrock,
"(10, 0, 18)",minecraft:bedrock,
"(10, 0, 19)",minecraft:bedrock,
"(10, 0, 20)",minecraft:bedrock,
"(10, 0, 21)",minecraft:bedrock,
"(10, 0, 22)",minecraft:bedrock,
"(10, 0, 23)",minecraft:bedrock,
"(10, 0, 24)",minecraft:bedrock,
"(10, 1, 6)","minecraft:comparator[facing=east,mode=compare,powered=true]",
"(10, 1, 8)",minecraft:white_concrete,
"(10, 1, 9)",minecraft:white_concrete,
"(10, 1, 10)",minecraft:white_concrete,
"(10, 1, 11)",minecraft:white_concrete,
"(10, 1, 12)",minecraft:white_concrete,
"(10, 1, 13)",minecraft:white_concrete,
"(10, 1, 14)",minecraft:white_concrete,
"(10, 1, 15)",minecraft:white_concrete,
"(10, 1, 16)",minecraft:white_concrete,
"(10, 1, 18)",minecraft:stripped_oak_wood[axis=z],
"(10, 2, 6)","minecraft:sticky_piston[extended=false,facing=east]",
"(10, 2, 8)",minecraft:white_concrete,
"(10, 2, 9)",minecraft:water[level=1],
"(10, 2, 10)",minecraft:water[level=2],
"(10, 2, 11)",minecraft:water[level=3],
"(10, 2, 12)",minecraft:water[level=4],
"(10, 2, 13)",minecraft:water[level=3],
"(10, 2, 14)",minecraft:water[level=2],
"(10, 2, 15)",minecraft:water[level=1],
"(10, 2, 16)",minecraft:white_concrete,
"(10, 2, 18)","minecraft:redstone_wire[east=side,north=side,power=1,south=side,west=side]",
"(10, 3, 8)",minecraft:white_concrete,
"(10, 3, 9)",minecraft:air,
"(10, 3, 10)",minecraft:air,
"(10, 3, 11)",minecraft:air,
"(10, 3, 12)",minecraft:air,
"(10, 3, 13)",minecraft:air,
"(10, 3, 14)",minecraft:air,
"(10, 3, 15)",minecraft:air,
"(10, 3, 16)",minecraft:white_concrete,
"(10, 5, 4)","minecraft:spruce_trapdoor[facing=west,half=top,open=true,powered=false,waterlogged=false]",
"(10, 5, 5)","minecraft:spruce_trapdoor[facing=west,half=top,open=true,powered=false,waterlogged=false]",
"(10, 5, 6)","minecraft:spruce_trapdoor[facing=west,half=top,open=true,powered=false,waterlogged=false]",
"(10, 5, 18)","minecraft:spruce_trapdoor[facing=west,half=top,open=true,powered=false,waterlogged=false]",
"(10, 5, 19)","minecraft:spruce_trapdoor[facing=west,half=top,open=true,powered=false,waterlogged=false]",
"(10, 5, 20)","minecraft:spruce_trapdoor[facing=west,half=top,open=true,powered=false,waterlogged=false]",
"(10, 6, 2)","minecraft:white_stained_glass_pane[east=true,north=false,south=false,waterlogged=false,west=false]",
"(10, 6, 22)","minecraft:white_stained_glass_pane[east=true,north=false,south=false,waterlogged=false,west=false]",
"(11, 0, 0)",minecraft:bedrock,
"(11, 0, 1)",minecraft:bedrock,
"(11, 0, 2)",minecraft:bedrock,
"(11, 0, 3)",minecraft:bedrock,
"(11, 0, 4)",minecraft:bedrock,
"(11, 0, 5)",minecraft:bedrock,
"(11, 0, 6)",minecraft:bedrock,
"(11, 0, 7)",minecraft:bedrock,
"(11, 0, 8)",minecraft:bedrock,
"(11, 0, 9)",minecraft:bedrock,
"(11, 0, 10)",minecraft:bedrock,
"(11, 0, 11)",minecraft:bedrock,
"(11, 0, 12)",minecraft:bedrock,
"(11, 0, 13)",minecraft:bedrock,
"(11, 0, 14)",minecraft:bedrock,
"(11, 0, 15)",minecraft:bedrock,
"(11, 0, 16)",minecraft:bedrock,
"(11, 0, 17)",minecraft:bedrock,
"(11, 0, 18)",minecraft:bedrock,
"(11, 0, 19)",minecraft:bedrock,
"(11, 0, 20)",minecraft:bedrock,
"(11, 0, 21)",minecraft:bedrock,
"(11, 0, 22)",minecraft:bedrock,
"(11, 0, 23)",minecraft:bedrock,
"(11, 0, 24)",minecraft:bedrock,
"(11, 1, 6)","minecraft:hopper[enabled=false,facing=east]",redstone*5
"(11, 1, 8)",minecraft:white_concrete,
"(11, 1, 9)",minecraft:white_concrete,
"(11, 1, 10)",minecraft:white_concrete,
"(11, 1, 11)",minecraft:white_concrete,
"(11, 1, 12)",minecraft:packed_ice,
"(11, 1, 13)",minecraft:white_concrete,
"(11, 1, 14)",minecraft:white_concrete,
"(11, 1, 15)",minecraft:white_concrete,
"(11, 1, 16)",minecraft:white_concrete,
"(11, 1, 18)","minecraft:comparator[facing=east,mode=compare,powered=true]",
"(11, 2, 6)",minecraft:redstone_block,
"(11, 2, 8)",minecraft:white_concrete,
"(11, 2, 9)",minecraft:water[level=2],
"(11, 2, 10)",minecraft:water[level=3],
"(11, 2, 11)",minecraft:sea_lantern,
"(11, 2, 12)","minecraft:spruce_sign[rotation=4,waterlogged=false]",
"(11, 2, 13)",minecraft:sea_lantern,
"(11, 2, 14)",minecraft:water[level=3],
"(11, 2, 15)",minecraft:water[level=2],
"(11, 2, 16)",minecraft:white_concrete,
"(11, 2, 18)","minecraft:sticky_piston[extended=false,facing=east]",
"(11, 3, 1)",minecraft:cobblestone,
"(11, 3, 2)",minecraft:cobblestone,
"(11, 3, 3)",minecraft:cobblestone,
"(11, 3, 4)",minecraft:cobblestone,
"(11, 3, 5)",minecraft:cobblestone,
"(11, 3, 6)",minecraft:cobblestone,
"(11, 3, 8)",minecraft:white_concrete,
"(11, 3, 9)",minecraft:air,
"(11, 3, 10)",minecraft:air,
"(11, 3, 11)",minecraft:sea_lantern,
"(11, 3, 12)","minecraft:spruce_sign[rotation=4,waterlogged=false]",
"(11, 3, 13)",minecraft:sea_lantern,
"(11, 3, 14)",minecraft:air,
"(11, 3, 15)",minecraft:air,
"(11, 3, 16)",minecraft:white_concrete,
"(11, 3, 18)",minecraft:cobblestone,
"(11, 3, 19)",minecraft:cobblestone,
"(11, 3, 21)",minecraft:cobblestone,
"(11, 3, 22)",minecraft:cobblestone,
"(11, 3, 23)",minecraft:cobblestone,
"(11, 4, 1)","minecraft:quartz_stairs[facing=south,half=top,shape=straight,waterlogged=false]",
"(11, 4, 2)",minecraft:black_concrete,
"(11, 4, 3)","minecraft:quartz_stairs[facing=east,half=top,shape=straight,waterlogged=false]",
"(11, 4, 4)","minecraft:quartz_stairs[facing=east,half=top,shape=straight,waterlogged=false]",
"(11, 4, 5)",minecraft:black_concrete,
"(11, 4, 6)","minecraft:quartz_stairs[facing=north,half=top,shape=straight,waterlogged=false]",
"(11, 4, 11)",minecraft:sea_lantern,
"(11, 4, 12)",minecraft:glass,
"(11, 4, 13)",minecraft:sea_lantern,
"(11, 4, 18)","minecraft:quartz_stairs[facing=south,half=top,shape=straight,waterlogged=false]",
"(11, 4, 19)",minecraft:black_concrete,
"(11, 4, 20)","minecraft:quartz_stairs[facing=east,half=top,shape=straight,waterlogged=false]",
"(11, 4, 21)","minecraft:quartz_stairs[facing=east,half=top,shape=straight,waterlogged=false]",
"(11, 4, 22)",minecraft:black_concrete,
"(11, 4, 23)","minecraft:quartz_stairs[facing=north,half=top,shape=straight,waterlogged=false]",
"(11, 5, 0)","minecraft:spruce_wall_sign[facing=north,waterlogged=false]",
"(11, 5, 1)","minecraft:spruce_stairs[facing=east,half=bottom,shape=straight,waterlogged=false]",
"(11, 5, 2)",minecraft:spruce_planks,
"(11, 5, 3)",minecraft:spruce_planks,
"(11, 5, 4)",minecraft:deepslate_redstone_ore[lit=false],
"(11, 5, 5)",minecraft:redstone_ore[lit=false],
"(11, 5, 6)",minecraft:deepslate_redstone_ore[lit=false],
"(11, 5, 7)","minecraft:spruce_trapdoor[facing=south,half=top,open=true,powered=false,waterlogged=false]",
"(11, 5, 11)",minecraft:sea_lantern,
"(11, 5, 12)",minecraft:glass,
"(11, 5, 13)",minecraft:sea_lantern,
"(11, 5, 17)","minecraft:spruce_trapdoor[facing=north,half=top,open=true,powered=false,waterlogged=false]",
"(11, 5, 18)",minecraft:redstone_ore[lit=false],
"(11, 5, 19)",minecraft:deepslate_redstone_ore[lit=false],
"(11, 5, 21)",minecraft:spruce_planks,
"(11, 5, 22)",minecraft:spruce_planks,
"(11, 5, 23)","minecraft:spruce_stairs[facing=east,half=bottom,shape=straight,waterlogged=false]",
"(11, 5, 24)","minecraft:spruce_wall_sign[facing=south,waterlogged=false]",
"(11, 6, 2)",minecraft:glass,
"(11, 6, 3)",minecraft:spruce_planks,
"(11, 6, 11)",minecraft:sea_lantern,
"(11, 6, 12)",minecraft:glass,
"(11, 6, 13)",minecraft:sea_lantern,
"(11, 6, 21)",minecraft:spruce_planks,
"(11, 6, 22)",minecraft:glass,
"(11, 7, 2)","minecraft:quartz_slab[type=bottom,waterlogged=false]",
"(11, 7, 3)","minecraft:quartz_slab[type=bottom,waterlogged=false]",
"(11, 7, 11)",minecraft:sea_lantern,
"(11, 7, 12)",minecraft:glass,
"(11, 7, 13)",minecraft:sea_lantern,
"(11, 7, 21)","minecraft:quartz_slab[type=bottom,waterlogged=false]",
"(11, 7, 22)","minecraft:quartz_slab[type=bottom,waterlogged=false]",
"(11, 8, 11)",minecraft:sea_lantern,
"(11, 8, 12)",minecraft:glass,
"(11, 8, 13)",minecraft:sea_lantern,
"(11, 9, 11)",minecraft:sea_lantern,
"(11, 9, 12)",minecraft:glass,
"(11, 9, 13)",minecraft:sea_lantern,
"(11, 10, 11)",minecraft:sea_lantern,
"(11, 10, 12)",minecraft:glass,
"(11, 10, 13)",minecraft:sea_lantern,
"(12, 0, 0)",minecraft:bedrock,
"(12, 0, 1)",minecraft:bedrock,
"(12, 0, 2)",minecraft:bedrock,
"(12, 0, 3)",minecraft:bedrock,
"(12, 0, 4)",minecraft:bedrock,
"(12, 0, 5)",minecraft:bedrock,
"(12, 0, 6)",minecraft:bedrock,
"(12, 0, 7)",minecraft:bedrock,
"(12, 0, 8)",minecraft:bedrock,
"(12, 0, 9)",minecraft:bedrock,
"(12, 0, 10)",minecraft:bedrock,
"(12, 0, 11)",minecraft:bedrock,
"(12, 0, 12)",minecraft:soul_sand,
"(12, 0, 13)",minecraft:bedrock,
"(12, 0, 14)",minecraft:bedrock,
"(12, 0, 15)",minecraft:bedrock,
"(12, 0, 16)",minecraft:bedrock,
"(12, 0, 17)",minecraft:bedrock,
"(12, 0, 18)",minecraft:bedrock,
"(12, 0, 19)",minecraft:bedrock,
"(12, 0, 20)",minecraft:bedrock,
"(12, 0, 21)",minecraft:bedrock,
"(12, 0, 22)",minecraft:bedrock,
"(12, 0, 23)",minecraft:bedrock,
"(12, 0, 24)",minecraft:bedrock,
"(12, 1, 6)","minecraft:hopper[enabled=true,facing=west]",redstone*5
"(12, 1, 7)",minecraft:stone_bricks,
"(12, 1, 8)",minecraft:white_concrete,
"(12, 1, 9)",minecraft:white_concrete,
"(12, 1, 10)",minecraft:white_concrete,
"(12, 1, 11)",minecraft:packed_ice,
"(12, 1, 12)",minecraft:soul_sand,
"(12, 1, 13)",minecraft:packed_ice,
"(12, 1, 14)",minecraft:white_concrete,
"(12, 1, 15)",minecraft:white_concrete,
"(12, 1, 16)",minecraft:white_concrete,
"(12, 1, 17)",minecraft:stone_bricks,
"(12, 1, 18)","minecraft:hopper[enabled=false,facing=east]",redstone*5
"(12, 2, 6)","minecraft:piston_head[facing=west,short=false,type=sticky]",
"(12, 2, 7)","minecraft:repeater[delay=1,facing=north,locked=false,powered=false]",
"(12, 2, 8)",minecraft:white_concrete,
"(12, 2, 9)",minecraft:water[level=3],
"(12, 2, 10)",minecraft:water[level=4],
"(12, 2, 11)","minecraft:spruce_sign[rotation=8,waterlogged=false]",
"(12, 2, 12)",minecraft:bubble_column[drag=false],
"(12, 2, 13)","minecraft:spruce_sign[rotation=0,waterlogged=false]",
"(12, 2, 14)",minecraft:water[level=4],
"(12, 2, 15)",minecraft:water[level=3],
"(12, 2, 16)",minecraft:white_concrete,
"(12, 2, 17)","minecraft:repeater[delay=1,facing=south,locked=false,powered=true]",
"(12, 2, 18)",minecraft:redstone_block,
"(12, 3, 1)",minecraft:cobblestone,
"(12, 3, 3)",minecraft:cobblestone,
"(12, 3, 4)",minecraft:cobblestone,
"(12, 3, 5)",minecraft:cobblestone,
"(12, 3, 6)",minecraft:cobblestone,
"(12, 3, 7)","minecraft:hopper[enabled=true,facing=south]",redstone*5
"(12, 3, 8)","minecraft:dropper[facing=south,triggered=false]","redstone*64,redstone*64,redstone*64,redstone*64,redstone*64,redstone*64,redstone*64,redstone*64,redstone*64"
"(12, 3, 9)",minecraft:air,
"(12, 3, 10)",minecraft:air,
"(12, 3, 11)","minecraft:spruce_sign[rotation=8,waterlogged=false]",
"(12, 3, 12)",minecraft:bubble_column[drag=false],
"(12, 3, 13)","minecraft:spruce_sign[rotation=0,waterlogged=false]",
"(12, 3, 14)",minecraft:air,
"(12, 3, 15)",minecraft:air,
"(12, 3, 16)","minecraft:dropper[facing=north,triggered=true]","redstone*64,redstone*64,redstone*64,redstone*64,redstone*64,redstone*64,redstone*64,redstone*64,redstone*64"
"(12, 3, 17)","minecraft:hopper[enabled=true,facing=north]",redstone*5
"(12, 3, 18)",minecraft:cobblestone,
"(12, 3, 19)",minecraft:cobblestone,
"(12, 3, 20)",minecraft:cobblestone,
"(12, 3, 21)",minecraft:cobblestone,
"(12, 3, 22)",minecraft:cobblestone,
"(12, 3, 23)",minecraft:cobblestone,
"(12, 4, 1)","minecraft:quartz_stairs[facing=south,half=top,shape=straight,waterlogged=false]",
"(12, 4, 2)",minecraft:gold_block,
"(12, 4, 3)",minecraft:spruce_planks,
"(12, 4, 4)","minecraft:quartz_stairs[facing=west,half=top,shape=straight,waterlogged=false]",
"(12, 4, 6)","minecraft:quartz_stairs[facing=north,half=top,shape=straight,waterlogged=false]",
"(12, 4, 7)","minecraft:spruce_fence_gate[facing=north,in_wall=false,open=true,powered=false]",
"(12, 4, 11)",minecraft:glass,
"(12, 4, 12)",minecraft:bubble_column[drag=false],
"(12, 4, 13)",minecraft:glass,
"(12, 4, 17)","minecraft:spruce_fence_gate[facing=south,in_wall=false,open=true,powered=false]",
"(12, 4, 18)","minecraft:quartz_stairs[facing=south,half=top,shape=straight,waterlogged=false]",
"(12, 4, 21)",minecraft:spruce_planks,
"(12, 4, 22)",minecraft:gold_block,
"(12, 4, 23)","minecraft:quartz_stairs[facing=north,half=top,shape=straight,waterlogged=false]",
"(12, 5, 1)",minecraft:sea_lantern,
"(12, 5, 3)",minecraft:spruce_planks,
"(12, 5, 5)",minecraft:redstone_ore[lit=false],
"(12, 5, 6)",minecraft:redstone_ore[lit=false],
"(12, 5, 7)",minecraft:redstone_ore[lit=false],
"(12, 5, 11)",minecraft:glass,
"(12, 5, 12)",minecraft:bubble_column[drag=false],
"(12, 5, 13)",minecraft:glass,
"(12, 5, 17)",minecraft:deepslate_redstone_ore[lit=false],
"(12, 5, 18)",minecraft:deepslate_redstone_ore[lit=false],
"(12, 5, 19)",minecraft:redstone_ore[lit=false],
"(12, 5, 20)",minecraft:deepslate_redstone_ore[lit=false],
"(12, 5, 21)",minecraft:spruce_planks,
"(12, 5, 23)",minecraft:sea_lantern,
"(12, 6, 1)",minecraft:white_carpet,
"(12, 6, 3)",minecraft:spruce_planks,
"(12, 6, 11)",minecraft:glass,
"(12, 6, 12)",minecraft:bubble_column[drag=false],
"(12, 6, 13)",minecraft:glass,
"(12, 6, 21)",minecraft:spruce_planks,
"(12, 6, 23)",minecraft:white_carpet,
"(12, 7, 2)","minecraft:quartz_slab[type=bottom,waterlogged=false]",
"(12, 7, 3)","minecraft:quartz_slab[type=bottom,waterlogged=false]",
"(12, 7, 11)",minecraft:glass,
"(12, 7, 12)",minecraft:bubble_column[drag=false],
"(12, 7, 13)",minecraft:glass,
"(12, 7, 21)","minecraft:quartz_slab[type=bottom,waterlogged=false]",
"(12, 7, 22)","minecraft:quartz_slab[type=bottom,waterlogged=false]",
"(12, 8, 11)",minecraft:glass,
"(12, 8, 12)",minecraft:bubble_column[drag=false],
"(12, 8, 13)",minecraft:glass,
"(12, 9, 11)",minecraft:glass,
"(12, 9, 12)",minecraft:bubble_column[drag=false],
"(12, 9, 13)",minecraft:glass,
"(12, 10, 11)",minecraft:glass,
"(12, 10, 12)",minecraft:bubble_column[drag=false],
"(12, 10, 13)",minecraft:glass,
"(13, 0, 0)",minecraft:bedrock,
"(13, 0, 1)",minecraft:bedrock,
"(13, 0, 2)",minecraft:bedrock,
"(13, 0, 3)",minecraft:bedrock,
"(13, 0, 4)",minecraft:bedrock,
"(13, 0, 5)",minecraft:bedrock,
"(13, 0, 6)",minecraft:bedrock,
"(13, 0, 7)",minecraft:bedrock,
"(13, 0, 8)",minecraft:bedrock,
"(13, 0, 9)",minecraft:bedrock,
"(13, 0, 10)",minecraft:bedrock,
"(13, 0, 11)",minecraft:bedrock,
"(13, 0, 12)",minecraft:bedrock,
"(13, 0, 13)",minecraft:bedrock,
"(13, 0, 14)",minecraft:bedrock,
"(13, 0, 15)",minecraft:bedrock,
"(13, 0, 16)",minecraft:bedrock,
"(13, 0, 17)",minecraft:bedrock,
"(13, 0, 18)",minecraft:bedrock,
"(13, 0, 19)",minecraft:bedrock,
"(13, 0, 20)",minecraft:bedrock,
"(13, 0, 21)",minecraft:bedrock,
"(13, 0, 22)",minecraft:bedrock,
"(13, 0, 23)",minecraft:bedrock,
"(13, 0, 24)",minecraft:bedrock,
"(13, 1, 6)","minecraft:comparator[facing=west,mode=compare,powered=true]",
"(13, 1, 8)",minecraft:white_concrete,
"(13, 1, 9)",minecraft:white_concrete,
"(13, 1, 10)",minecraft:white_concrete,
"(13, 1, 11)",minecraft:white_concrete,
"(13, 1, 12)",minecraft:packed_ice,
"(13, 1, 13)",minecraft:white_concrete,
"(13, 1, 14)",minecraft:white_concrete,
"(13, 1, 15)",minecraft:white_concrete,
"(13, 1, 16)",minecraft:white_concrete,
"(13, 1, 18)","minecraft:hopper[enabled=true,facing=west]",redstone*5
"(13, 2, 6)","minecraft:sticky_piston[extended=true,facing=west]",
"(13, 2, 8)",minecraft:white_concrete,
"(13, 2, 9)",minecraft:water[level=2],
"(13, 2, 10)",minecraft:water[level=3],
"(13, 2, 11)",minecraft:sea_lantern,
"(13, 2, 12)","minecraft:spruce_sign[rotation=12,waterlogged=false]",
"(13, 2, 13)",minecraft:sea_lantern,
"(13, 2, 14)",minecraft:water[level=3],
"(13, 2, 15)",minecraft:water[level=2],
"(13, 2, 16)",minecraft:white_concrete,
"(13, 2, 18)","minecraft:piston_head[facing=west,short=false,type=sticky]",
"(13, 3, 1)",minecraft:cobblestone,
"(13, 3, 2)",minecraft:cobblestone,
"(13, 3, 3)",minecraft:cobblestone,
"(13, 3, 5)",minecraft:cobblestone,
"(13, 3, 6)",minecraft:cobblestone,
"(13, 3, 8)",minecraft:white_concrete,
"(13, 3, 9)",minecraft:air,
"(13, 3, 10)",minecraft:air,
"(13, 3, 11)",minecraft:sea_lantern,
"(13, 3, 12)","minecraft:spruce_sign[rotation=12,waterlogged=false]",
"(13, 3, 13)",minecraft:sea_lantern,
"(13, 3, 14)",minecraft:air,
"(13, 3, 15)",minecraft:air,
"(13, 3, 16)",minecraft:white_concrete,
"(13, 3, 18)",minecraft:cobblestone,
"(13, 3, 19)",minecraft:cobblestone,
"(13, 3, 20)",minecraft:cobblestone,
"(13, 3, 21)",minecraft:cobblestone,
"(13, 3, 22)",minecraft:cobblestone,
"(13, 3, 23)",minecraft:cobblestone,
"(13, 4, 1)","minecraft:quartz_stairs[facing=south,half=top,shape=straight,waterlogged=false]",
"(13, 4, 2)",minecraft:black_concrete,
"(13, 4, 3)","minecraft:quartz_stairs[facing=west,half=top,shape=straight,waterlogged=false]",
"(13, 4, 4)","minecraft:quartz_stairs[facing=west,half=top,shape=straight,waterlogged=false]",
"(13, 4, 5)",minecraft:black_concrete,
"(13, 4, 6)","minecraft:quartz_stairs[facing=north,half=top,shape=straight,waterlogged=false]",
"(13, 4, 11)",minecraft:sea_lantern,
"(13, 4, 12)",minecraft:glass,
"(13, 4, 13)",minecraft:sea_lantern,
"(13, 4, 18)","minecraft:quartz_stairs[facing=south,half=top,shape=straight,waterlogged=false]",
"(13, 4, 19)",minecraft:black_concrete,
"(13, 4, 20)","minecraft:quartz_stairs[facing=west,half=top,shape=straight,waterlogged=false]",
"(13, 4, 21)","minecraft:quartz_stairs[facing=west,half=top,shape=straight,waterlogged=false]",
"(13, 4, 22)",minecraft:black_concrete,
"(13, 4, 23)","minecraft:quartz_stairs[facing=north,half=top,shape=straight,waterlogged=false]",
"(13, 5, 0)","minecraft:spruce_wall_sign[facing=north,waterlogged=false]",
"(13, 5, 1)","minecraft:spruce_stairs[facing=west,half=bottom,shape=straight,waterlogged=false]",
"(13, 5, 2)",minecraft:spruce_planks,
"(13, 5, 3)",minecraft:spruce_planks,
"(13, 5, 5)",minecraft:deepslate_redstone_ore[lit=false],
"(13, 5, 6)",minecraft:redstone_ore[lit=false],
"(13, 5, 7)","minecraft:spruce_trapdoor[facing=south,half=top,open=true,powered=false,waterlogged=false]",
"(13, 5, 11)",minecraft:sea_lantern,
"(13, 5, 12)",minecraft:glass,
"(13, 5, 13)",minecraft:sea_lantern,
"(13, 5, 17)","minecraft:spruce_trapdoor[facing=north,half=top,open=true,powered=false,waterlogged=false]",
"(13, 5, 18)",minecraft:deepslate_redstone_ore[lit=false],
"(13, 5, 19)",minecraft:redstone_ore[lit=false],
"(13, 5, 20)",minecraft:deepslate_redstone_ore[lit=false],
"(13, 5, 21)",minecraft:spruce_planks,
"(13, 5, 22)",minecraft:spruce_planks,
"(13, 5, 23)","minecraft:spruce_stairs[facing=west,half=bottom,shape=straight,waterlogged=false]",
"(13, 5, 24)","minecraft:spruce_wall_sign[facing=south,waterlogged=false]",
"(13, 6, 2)",minecraft:glass,
"(13, 6, 3)",minecraft:spruce_planks,
"(13, 6, 11)",minecraft:sea_lantern,
"(13, 6, 12)",minecraft:glass,
"(13, 6, 13)",minecraft:sea_lantern,
"(13, 6, 21)",minecraft:spruce_planks,
"(13, 6, 22)",minecraft:glass,
"(13, 7, 2)","minecraft:quartz_slab[type=bottom,waterlogged=false]",
"(13, 7, 3)","minecraft:quartz_slab[type=bottom,waterlogged=false]",
"(13, 7, 11)",minecraft:sea_lantern,
"(13, 7, 12)",minecraft:glass,
"(13, 7, 13)",minecraft:sea_lantern,
"(13, 7, 21)","minecraft:quartz_slab[type=bottom,waterlogged=false]",
"(13, 7, 22)","minecraft:quartz_slab[type=bottom,waterlogged=false]",
"(13, 8, 11)",minecraft:sea_lantern,
"(13, 8, 12)",minecraft:glass,
"(13, 8, 13)",minecraft:sea_lantern,
"(13, 9, 11)",minecraft:sea_lantern,
"(13, 9, 12)",minecraft:glass,
"(13, 9, 13)",minecraft:sea_lantern,
"(13, 10, 11)",minecraft:sea_lantern,
"(13, 10, 12)",minecraft:glass,
"(13, 10, 13)",minecraft:sea_lantern,
"(14, 0, 0)",minecraft:bedrock,
"(14, 0, 1)",minecraft:bedrock,
"(14, 0, 2)",minecraft:bedrock,
"(14, 0, 3)",minecraft:bedrock,
"(14, 0, 4)",minecraft:bedrock,
"(14, 0, 5)",minecraft:bedrock,
"(14, 0, 6)",minecraft:bedrock,
"(14, 0, 7)",minecraft:bedrock,
"(14, 0, 8)",minecraft:bedrock,
"(14, 0, 9)",minecraft:bedrock,
"(14, 0, 10)",minecraft:bedrock,
"(14, 0, 11)",minecraft:bedrock,
"(14, 0, 12)",minecraft:bedrock,
"(14, 0, 13)",minecraft:bedrock,
"(14, 0, 14)",minecraft:bedrock,
"(14, 0, 15)",minecraft:bedrock,
"(14, 0, 16)",minecraft:bedrock,
"(14, 0, 17)",minecraft:bedrock,
"(14, 0, 18)",minecraft:bedrock,
"(14, 0, 19)",minecraft:bedrock,
"(14, 0, 20)",minecraft:bedrock,
"(14, 0, 21)",minecraft:bedrock,
"(14, 0, 22)",minecraft:bedrock,
"(14, 0, 23)",minecraft:bedrock,
"(14, 0, 24)",minecraft:bedrock,
"(14, 1, 6)",minecraft:stripped_oak_wood[axis=z],
"(14, 1, 8)",minecraft:white_concrete,
"(14, 1, 9)",minecraft:white_concrete,
"(14, 1, 10)",minecraft:white_concrete,
"(14, 1, 11)",minecraft:white_concrete,
"(14, 1, 12)",minecraft:white_concrete,
"(14, 1, 13)",minecraft:white_concrete,
"(14, 1, 14)",minecraft:white_concrete,
"(14, 1, 15)",minecraft:white_concrete,
"(14, 1, 16)",minecraft:white_concrete,
"(14, 1, 18)","minecraft:comparator[facing=west,mode=compare,powered=true]",
"(14, 2, 6)","minecraft:redstone_wire[east=side,north=side,power=1,south=side,west=side]",
"(14, 2, 8)",minecraft:white_concrete,
"(14, 2, 9)",minecraft:water[level=1],
"(14, 2, 10)",minecraft:water[level=2],
"(14, 2, 11)",minecraft:water[level=3],
"(14, 2, 12)",minecraft:water[level=4],
"(14, 2, 13)",minecraft:water[level=3],
"(14, 2, 14)",minecraft:water[level=2],
"(14, 2, 15)",minecraft:water[level=1],
"(14, 2, 16)",minecraft:white_concrete,
"(14, 2, 18)","minecraft:sticky_piston[extended=true,facing=west]",
"(14, 3, 8)",minecraft:white_concrete,
"(14, 3, 9)",minecraft:air,
"(14, 3, 10)",minecraft:air,
"(14, 3, 11)",minecraft:air,
"(14, 3, 12)",minecraft:air,
"(14, 3, 13)",minecraft:air,
"(14, 3, 14)",minecraft:air,
"(14, 3, 15)",minecraft:air,
"(14, 3, 16)",minecraft:white_concrete,
"(14, 5, 4)","minecraft:spruce_trapdoor[facing=east,half=top,open=true,powered=false,waterlogged=false]",
"(14, 5, 5)","minecraft:spruce_trapdoor[facing=east,half=top,open=true,powered=false,waterlogged=false]",
"(14, 5, 6)","minecraft:spruce_trapdoor[facing=east,half=top,open=true,powered=false,waterlogged=false]",
"(14, 5, 18)","minecraft:spruce_trapdoor[facing=east,half=top,open=true,powered=false,waterlogged=false]",
"(14, 5, 19)","minecraft:spruce_trapdoor[facing=east,half=top,open=true,powered=false,waterlogged=false]",
"(14, 5, 20)","minecraft:spruce_trapdoor[facing=east,half=top,open=true,powered=false,waterlogged=false]",
"(14, 6, 2)","minecraft:white_stained_glass_pane[east=false,north=false,south=false,waterlogged=false,west=true]",
"(14, 6, 22)","minecraft:white_stained_glass_pane[east=false,north=false,south=false,waterlogged=false,west=true]",
"(15, 0, 0)",minecraft:bedrock,
"(15, 0, 1)",minecraft:bedrock,
"(15, 0, 2)",minecraft:bedrock,
"(15, 0, 3)",minecraft:bedrock,
"(15, 0, 4)",minecraft:bedrock,
"(15, 0, 5)",minecraft:bedrock,
"(15, 0, 6)",minecraft:bedrock,
"(15, 0, 7)",minecraft:bedrock,
"(15, 0, 8)",minecraft:bedrock,
"(15, 0, 9)",minecraft:bedrock,
"(15, 0, 10)",minecraft:bedrock,
"(15, 0, 11)",minecraft:bedrock,
"(15, 0, 12)",minecraft:bedrock,
"(15, 0, 13)",minecraft:bedrock,
"(15, 0, 14)",minecraft:bedrock,
"(15, 0, 15)",minecraft:bedrock,
"(15, 0, 16)",minecraft:bedrock,
"(15, 0, 17)",minecraft:bedrock,
"(15, 0, 18)",minecraft:bedrock,
"(15, 0, 19)",minecraft:bedrock,
"(15, 0, 20)",minecraft:bedrock,
"(15, 0, 21)",minecraft:bedrock,
"(15, 0, 22)",minecraft:bedrock,
"(15, 0, 23)",minecraft:bedrock,
"(15, 0, 24)",minecraft:bedrock,
"(15, 1, 8)",minecraft:white_concrete,
"(15, 1, 9)",minecraft:white_concrete,
"(15, 1, 10)",minecraft:white_concrete,
"(15, 1, 11)",minecraft:white_concrete,
"(15, 1, 12)",minecraft:white_concrete,
"(15, 1, 13)",minecraft:white_concrete,
"(15, 1, 14)",minecraft:white_concrete,
"(15, 1, 15)",minecraft:white_concrete,
"(15, 1, 16)",minecraft:white_concrete,
"(15, 1, 18)",minecraft:stripped_oak_wood[axis=z],
"(15, 2, 8)",minecraft:white_concrete,
"(15, 2, 9)",minecraft:water[level=0],
"(15, 2, 10)",minecraft:water[level=1],
"(15, 2, 11)",minecraft:water[level=2],
"(15, 2, 12)",minecraft:water[level=3],
"(15, 2, 13)",minecraft:water[level=2],
"(15, 2, 14)",minecraft:water[level=1],
"(15, 2, 15)",minecraft:water[level=0],
"(15, 2, 16)",minecraft:white_concrete,
"(15, 2, 18)","minecraft:redstone_wire[east=side,north=side,power=1,south=side,west=side]",
"(15, 3, 8)",minecraft:white_concrete,
"(15, 3, 9)",minecraft:air,
"(15, 3, 10)",minecraft:air,
"(15, 3, 11)",minecraft:air,
"(15, 3, 12)",minecraft:air,
"(15, 3, 13)",minecraft:air,
"(15, 3, 14)",minecraft:air,
"(15, 3, 15)",minecraft:air,
"(15, 3, 16)",minecraft:white_concrete,
"(16, 0, 0)",minecraft:bedrock,
"(16, 0, 1)",minecraft:bedrock,
"(16, 0, 2)",minecraft:bedrock,
"(16, 0, 3)",minecraft:bedrock,
"(16, 0, 4)",minecraft:bedrock,
"(16, 0, 5)",minecraft:bedrock,
"(16, 0, 6)",minecraft:bedrock,
"(16, 0, 7)",minecraft:bedrock,
"(16, 0, 8)",minecraft:bedrock,
"(16, 0, 9)",minecraft:bedrock,
"(16, 0, 10)",minecraft:bedrock,
"(16, 0, 11)",minecraft:bedrock,
"(16, 0, 12)",minecraft:bedrock,
"(16, 0, 13)",minecraft:bedrock,
"(16, 0, 14)",minecraft:bedrock,
"(16, 0, 15)",minecraft:bedrock,
"(16, 0, 16)",minecraft:bedrock,
"(16, 0, 17)",minecraft:bedrock,
"(16, 0, 18)",minecraft:bedrock,
"(16, 0, 19)",minecraft:bedrock,
"(16, 0, 20)",minecraft:bedrock,
"(16, 0, 21)",minecraft:bedrock,
"(16, 0, 22)",minecraft:bedrock,
"(16, 0, 23)",minecraft:bedrock,
"(16, 0, 24)",minecraft:bedrock,
"(16, 1, 8)",minecraft:white_concrete,
"(16, 1, 9)",minecraft:white_concrete,
"(16, 1, 10)",minecraft:white_concrete,
"(16, 1, 11)",minecraft:white_concrete,
"(16, 1, 12)",minecraft:white_concrete,
"(16, 1, 13)",minecraft:white_concrete,
"(16, 1, 14)",minecraft:white_concrete,
"(16, 1, 15)",minecraft:white_concrete,
"(16, 2, 8)",minecraft:white_concrete,
"(16, 2, 9)",minecraft:white_concrete,
"(16, 2, 10)",minecraft:white_concrete,
"(16, 2, 11)",minecraft:white_concrete,
"(16, 2, 12)",minecraft:white_concrete,
"(16, 2, 13)",minecraft:white_concrete,
"(16, 2, 14)",minecraft:white_concrete,
"(16, 2, 15)",minecraft:white_concrete,
"(16, 2, 16)",minecraft:white_concrete,
"(16, 3, 8)",minecraft:white_concrete,
"(16, 3, 9)",minecraft:white_concrete,
"(16, 3, 10)",minecraft:white_concrete,
"(16, 3, 11)",minecraft:white_concrete,
"(16, 3, 12)","minecraft:dropper[facing=west,triggered=false]","redstone*64,redstone*64,redstone*64,redstone*64,redstone*64,redstone*64,redstone*64,redstone*64,redstone*64"
"(16, 3, 13)",minecraft:white_concrete,
"(16, 3, 14)",minecraft:white_concrete,
"(16, 3, 15)",minecraft:white_concrete,
"(16, 3, 16)",minecraft:white_concrete,
"(17, 0, 0)",minecraft:bedrock,
"(17, 0, 1)",minecraft:bedrock,
"(17, 0, 2)",minecraft:bedrock,
"(17, 0, 3)",minecraft:bedrock,
"(17, 0, 4)",minecraft:bedrock,
"(17, 0, 5)",minecraft:bedrock,
"(17, 0, 6)",minecraft:bedrock,
"(17, 0, 7)",minecraft:bedrock,
"(17, 0, 8)",minecraft:bedrock,
"(17, 0, 9)",minecraft:bedrock,
"(17, 0, 10)",minecraft:bedrock,
"(17, 0, 11)",minecraft:bedrock,
"(17, 0, 12)",minecraft:bedrock,
"(17, 0, 13)",minecraft:bedrock,
"(17, 0, 14)",minecraft:bedrock,
"(17, 0, 15)",minecraft:bedrock,
"(17, 0, 16)",minecraft:bedrock,
"(17, 0, 17)",minecraft:bedrock,
"(17, 0, 18)",minecraft:bedrock,
"(17, 0, 19)",minecraft:bedrock,
"(17, 0, 20)",minecraft:bedrock,
"(17, 0, 21)",minecraft:bedrock,
"(17, 0, 22)",minecraft:bedrock,
"(17, 0, 23)",minecraft:bedrock,
"(17, 0, 24)",minecraft:bedrock,
"(17, 1, 12)",minecraft:stone_bricks,
"(17, 2, 12)","minecraft:repeater[delay=1,facing=east,locked=false,powered=false]",
"(17, 3, 12)","minecraft:hopper[enabled=true,facing=west]",redstone*5
"(17, 4, 12)","minecraft:spruce_fence_gate[facing=east,in_wall=false,open=true,powered=false]",
"(17, 5, 11)","minecraft:spruce_trapdoor[facing=west,half=top,open=true,powered=false,waterlogged=false]",
"(17, 5, 13)","minecraft:spruce_trapdoor[facing=west,half=top,open=true,powered=false,waterlogged=false]",
"(18, 0, 0)",minecraft:bedrock,
"(18, 0, 1)",minecraft:bedrock,
"(18, 0, 2)",minecraft:bedrock,
"(18, 0, 3)",minecraft:bedrock,
"(18, 0, 4)",minecraft:bedrock,
"(18, 0, 5)",minecraft:bedrock,
"(18, 0, 6)",minecraft:bedrock,
"(18, 0, 7)",minecraft:bedrock,
"(18, 0, 8)",minecraft:bedrock,
"(18, 0, 9)",minecraft:bedrock,
"(18, 0, 10)",minecraft:bedrock,
"(18, 0, 11)",minecraft:bedrock,
"(18, 0, 12)",minecraft:bedrock,
"(18, 0, 13)",minecraft:bedrock,
"(18, 0, 14)",minecraft:bedrock,
"(18, 0, 15)",minecraft:bedrock,
"(18, 0, 16)",minecraft:bedrock,
"(18, 0, 17)",minecraft:bedrock,
"(18, 0, 18)",minecraft:bedrock,
"(18, 0, 19)",minecraft:bedrock,
"(18, 0, 20)",minecraft:bedrock,
"(18, 0, 21)",minecraft:bedrock,
"(18, 0, 22)",minecraft:bedrock,
"(18, 0, 23)",minecraft:bedrock,
"(18, 0, 24)",minecraft:bedrock,
"(18, 1, 10)",minecraft:stripped_oak_wood[axis=x],
"(18, 1, 11)","minecraft:comparator[facing=south,mode=compare,powered=true]",
"(18, 1, 12)","minecraft:hopper[enabled=true,facing=south]",redstone*5
"(18, 1, 13)","minecraft:hopper[enabled=false,facing=north]",redstone*5
"(18, 1, 14)","minecraft:comparator[facing=north,mode=compare,powered=true]",
"(18, 1, 15)",minecraft:stripped_oak_wood[axis=x],
"(18, 2, 10)","minecraft:redstone_wire[east=side,north=side,power=1,south=side,west=side]",
"(18, 2, 11)","minecraft:sticky_piston[extended=true,facing=south]",
"(18, 2, 12)","minecraft:piston_head[facing=south,short=false,type=sticky]",
"(18, 2, 13)",minecraft:redstone_block,
"(18, 2, 14)","minecraft:sticky_piston[extended=false,facing=north]",
"(18, 2, 15)","minecraft:redstone_wire[east=side,north=side,power=1,south=side,west=side]",
"(18, 3, 11)",minecraft:cobblestone,
"(18, 3, 12)",minecraft:cobblestone,
"(18, 3, 13)",minecraft:cobblestone,
"(18, 4, 11)","minecraft:quartz_stairs[facing=east,half=top,shape=straight,waterlogged=false]",
"(18, 4, 12)","minecraft:quartz_stairs[facing=east,half=top,shape=straight,waterlogged=false]",
"(18, 4, 13)","minecraft:quartz_stairs[facing=east,half=top,shape=straight,waterlogged=false]",
"(18, 5, 10)","minecraft:spruce_trapdoor[facing=north,half=top,open=true,powered=false,waterlogged=false]",
"(18, 5, 11)",minecraft:redstone_ore[lit=false],
"(18, 5, 12)",minecraft:deepslate_redstone_ore[lit=false],
"(18, 5, 13)",minecraft:deepslate_redstone_ore[lit=false],
"(18, 5, 14)","minecraft:spruce_trapdoor[facing=south,half=top,open=true,powered=false,waterlogged=false]",
"(19, 0, 0)",minecraft:bedrock,
"(19, 0, 1)",minecraft:bedrock,
"(19, 0, 2)",minecraft:bedrock,
"(19, 0, 3)",minecraft:bedrock,
"(19, 0, 4)",minecraft:bedrock,
"(19, 0, 5)",minecraft:bedrock,
"(19, 0, 6)",minecraft:bedrock,
"(19, 0, 7)",minecraft:bedrock,
"(19, 0, 8)",minecraft:bedrock,
"(19, 0, 9)",minecraft:bedrock,
"(19, 0, 10)",minecraft:bedrock,
"(19, 0, 11)",minecraft:bedrock,
"(19, 0, 12)",minecraft:bedrock,
"(19, 0, 13)",minecraft:bedrock,
"(19, 0, 14)",minecraft:bedrock,
"(19, 0, 15)",minecraft:bedrock,
"(19, 0, 16)",minecraft:bedrock,
"(19, 0, 17)",minecraft:bedrock,
"(19, 0, 18)",minecraft:bedrock,
"(19, 0, 19)",minecraft:bedrock,
"(19, 0, 20)",minecraft:bedrock,
"(19, 0, 21)",minecraft:bedrock,
"(19, 0, 22)",minecraft:bedrock,
"(19, 0, 23)",minecraft:bedrock,
"(19, 0, 24)",minecraft:bedrock,
"(19, 3, 11)",minecraft:cobblestone,
"(19, 3, 12)",minecraft:cobblestone,
"(19, 3, 13)",minecraft:cobblestone,
"(19, 4, 11)",minecraft:black_concrete,
"(19, 4, 13)",minecraft:black_concrete,
"(19, 5, 10)","minecraft:spruce_trapdoor[facing=north,half=top,open=true,powered=false,waterlogged=false]",
"(19, 5, 11)",minecraft:deepslate_redstone_ore[lit=false],
"(19, 5, 12)",minecraft:redstone_ore[lit=false],
"(19, 5, 13)",minecraft:redstone_ore[lit=false],
"(19, 5, 14)","minecraft:spruce_trapdoor[facing=south,half=top,open=true,powered=false,waterlogged=false]",
"(19, 6, 12)",minecraft:deepslate_redstone_ore[lit=false],
"(20, 0, 0)",minecraft:bedrock,
"(20, 0, 1)",minecraft:bedrock,
"(20, 0, 2)",minecraft:bedrock,
"(20, 0, 3)",minecraft:bedrock,
"(20, 0, 4)",minecraft:bedrock,
"(20, 0, 5)",minecraft:bedrock,
"(20, 0, 6)",minecraft:bedrock,
"(20, 0, 7)",minecraft:bedrock,
"(20, 0, 8)",minecraft:bedrock,
"(20, 0, 9)",minecraft:bedrock,
"(20, 0, 10)",minecraft:bedrock,
"(20, 0, 11)",minecraft:bedrock,
"(20, 0, 12)",minecraft:bedrock,
"(20, 0, 13)",minecraft:bedrock,
"(20, 0, 14)",minecraft:bedrock,
"(20, 0, 15)",minecraft:bedrock,
"(20, 0, 16)",minecraft:bedrock,
"(20, 0, 17)",minecraft:bedrock,
"(20, 0, 18)",minecraft:bedrock,
"(20, 0, 19)",minecraft:bedrock,
"(20, 0, 20)",minecraft:bedrock,
"(20, 0, 21)",minecraft:bedrock,
"(20, 0, 22)",minecraft:bedrock,
"(20, 0, 23)",minecraft:bedrock,
"(20, 0, 24)",minecraft:bedrock,
"(20, 3, 12)",minecraft:cobblestone,
"(20, 3, 13)",minecraft:cobblestone,
"(20, 4, 11)","minecraft:quartz_stairs[facing=south,half=top,shape=straight,waterlogged=false]",
"(20, 4, 13)","minecraft:quartz_stairs[facing=north,half=top,shape=straight,waterlogged=false]",
"(20, 5, 10)","minecraft:spruce_trapdoor[facing=north,half=top,open=true,powered=false,waterlogged=false]",
"(20, 5, 11)",minecraft:deepslate_redstone_ore[lit=false],
"(20, 5, 12)",minecraft:deepslate_redstone_ore[lit=false],
"(20, 5, 13)",minecraft:deepslate_redstone_ore[lit=false],
"(20, 5, 14)","minecraft:spruce_trapdoor[facing=south,half=top,open=true,powered=false,waterlogged=false]",
"(20, 6, 12)",minecraft:redstone_ore[lit=false],
"(21, 0, 0)",minecraft:bedrock,
"(21, 0, 1)",minecraft:bedrock,
"(21, 0, 2)",minecraft:bedrock,
"(21, 0, 3)",minecraft:bedrock,
"(21, 0, 4)",minecraft:bedrock,
"(21, 0, 5)",minecraft:bedrock,
"(21, 0, 6)",minecraft:bedrock,
"(21, 0, 7)",minecraft:bedrock,
"(21, 0, 8)",minecraft:bedrock,
"(21, 0, 9)",minecraft:bedrock,
"(21, 0, 10)",minecraft:bedrock,
"(21, 0, 11)",minecraft:bedrock,
"(21, 0, 12)",minecraft:bedrock,
"(21, 0, 13)",minecraft:bedrock,
"(21, 0, 14)",minecraft:bedrock,
"(21, 0, 15)",minecraft:bedrock,
"(21, 0, 16)",minecraft:bedrock,
"(21, 0, 17)",minecraft:bedrock,
"(21, 0, 18)",minecraft:bedrock,
"(21, 0, 19)",minecraft:bedrock,
"(21, 0, 20)",minecraft:bedrock,
"(21, 0, 21)",minecraft:bedrock,
"(21, 0, 22)",minecraft:bedrock,
"(21, 0, 23)",minecraft:bedrock,
"(21, 0, 24)",minecraft:bedrock,
"(21, 3, 11)",minecraft:cobblestone,
"(21, 3, 12)",minecraft:cobblestone,
"(21, 3, 13)",minecraft:cobblestone,
"(21, 4, 11)","minecraft:quartz_stairs[facing=south,half=top,shape=straight,waterlogged=false]",
"(21, 4, 12)",minecraft:spruce_planks,
"(21, 4, 13)","minecraft:quartz_stairs[facing=north,half=top,shape=straight,waterlogged=false]",
"(21, 5, 11)",minecraft:spruce_planks,
"(21, 5, 12)",minecraft:spruce_planks,
"(21, 5, 13)",minecraft:spruce_planks,
"(21, 6, 11)",minecraft:spruce_planks,
"(21, 6, 12)",minecraft:spruce_planks,
"(21, 6, 13)",minecraft:spruce_planks,
"(21, 7, 11)","minecraft:quartz_slab[type=bottom,waterlogged=false]",
"(21, 7, 12)","minecraft:quartz_slab[type=bottom,waterlogged=false]",
"(21, 7, 13)","minecraft:quartz_slab[type=bottom,waterlogged=false]",
"(22, 0, 0)",minecraft:bedrock,
"(22, 0, 1)",minecraft:bedrock,
"(22, 0, 2)",minecraft:bedrock,
"(22, 0, 3)",minecraft:bedrock,
"(22, 0, 4)",minecraft:bedrock,
"(22, 0, 5)",minecraft:bedrock,
"(22, 0, 6)",minecraft:bedrock,
"(22, 0, 7)",minecraft:bedrock,
"(22, 0, 8)",minecraft:bedrock,
"(22, 0, 9)",minecraft:bedrock,
"(22, 0, 10)",minecraft:bedrock,
"(22, 0, 11)",minecraft:bedrock,
"(22, 0, 12)",minecraft:bedrock,
"(22, 0, 13)",minecraft:bedrock,
"(22, 0, 14)",minecraft:bedrock,
"(22, 0, 15)",minecraft:bedrock,
"(22, 0, 16)",minecraft:bedrock,
"(22, 0, 17)",minecraft:bedrock,
"(22, 0, 18)",minecraft:bedrock,
"(22, 0, 19)",minecraft:bedrock,
"(22, 0, 20)",minecraft:bedrock,
"(22, 0, 21)",minecraft:bedrock,
"(22, 0, 22)",minecraft:bedrock,
"(22, 0, 23)",minecraft:bedrock,
"(22, 0, 24)",minecraft:bedrock,
"(22, 3, 11)",minecraft:cobblestone,
"(22, 3, 12)",minecraft:cobblestone,
"(22, 3, 13)",minecraft:cobblestone,
"(22, 4, 11)",minecraft:black_concrete,
"(22, 4, 12)",minecraft:black_concrete,
"(22, 4, 13)",minecraft:black_concrete,
"(22, 5, 11)",minecraft:spruce_planks,
"(22, 5, 13)",minecraft:spruce_planks,
"(22, 6, 10)","minecraft:white_stained_glass_pane[east=false,north=false,south=true,waterlogged=false,west=false]",
"(22, 6, 11)",minecraft:glass,
"(22, 6, 13)",minecraft:glass,
"(22, 6, 14)","minecraft:white_stained_glass_pane[east=false,north=true,south=false,waterlogged=false,west=false]",
"(22, 7, 11)","minecraft:quartz_slab[type=bottom,waterlogged=false]",
"(22, 7, 12)","minecraft:quartz_slab[type=bottom,waterlogged=false]",
"(22, 7, 13)","minecraft:quartz_slab[type=bottom,waterlogged=false]",
"(23, 0, 0)",minecraft:bedrock,
"(23, 0, 1)",minecraft:bedrock,
"(23, 0, 2)",minecraft:bedrock,
"(23, 0, 3)",minecraft:bedrock,
"(23, 0, 4)",minecraft:bedrock,
"(23, 0, 5)",minecraft:bedrock,
"(23, 0, 6)",minecraft:bedrock,
"(23, 0, 7)",minecraft:bedrock,
"(23, 0, 8)",minecraft:bedrock,
"(23, 0, 9)",minecraft:bedrock,
"(23, 0, 10)",minecraft:bedrock,
"(23, 0, 11)",minecraft:bedrock,
"(23, 0, 12)",minecraft:bedrock,
"(23, 0, 13)",minecraft:bedrock,
"(23, 0, 14)",minecraft:bedrock,
"(23, 0, 15)",minecraft:bedrock,
"(23, 0, 16)",minecraft:bedrock,
"(23, 0, 17)",minecraft:bedrock,
"(23, 0, 18)",minecraft:bedrock,
"(23, 0, 19)",minecraft:bedrock,
"(23, 0, 20)",minecraft:bedrock,
"(23, 0, 21)",minecraft:bedrock,
"(23, 0, 22)",minecraft:bedrock,
"(23, 0, 23)",minecraft:bedrock,
"(23, 0, 24)",minecraft:bedrock,
"(23, 3, 11)",minecraft:cobblestone,
"(23, 3, 12)",minecraft:cobblestone,
"(23, 3, 13)",minecraft:cobblestone,
"(23, 4, 11)","minecraft:quartz_stairs[facing=west,half=top,shape=straight,waterlogged=false]",
"(23, 4, 12)","minecraft:quartz_stairs[facing=west,half=top,shape=straight,waterlogged=false]",
"(23, 4, 13)","minecraft:quartz_stairs[facing=west,half=top,shape=straight,waterlogged=false]",
"(23, 5, 11)","minecraft:spruce_stairs[facing=south,half=bottom,shape=straight,waterlogged=false]",
"(23, 5, 12)",minecraft:sea_lantern,
"(23, 5, 13)","minecraft:spruce_stairs[facing=north,half=bottom,shape=straight,waterlogged=false]",
"(23, 6, 12)",minecraft:white_carpet,
"(24, 0, 0)",minecraft:bedrock,
"(24, 0, 1)",minecraft:bedrock,
"(24, 0, 2)",minecraft:bedrock,
"(24, 0, 3)",minecraft:bedrock,
"(24, 0, 4)",minecraft:bedrock,
"(24, 0, 5)",minecraft:bedrock,
"(24, 0, 6)",minecraft:bedrock,
"(24, 0, 7)",minecraft:bedrock,
"(24, 0, 8)",minecraft:bedrock,
"(24, 0, 9)",minecraft:bedrock,
"(24, 0, 10)",minecraft:bedrock,
"(24, 0, 11)",minecraft:bedrock,
"(24, 0, 12)",minecraft:bedrock,
"(24, 0, 13)",minecraft:bedrock,
"(24, 0, 14)",minecraft:bedrock,
"(24, 0, 15)",minecraft:bedrock,
"(24, 0, 16)",minecraft:bedrock,
"(24, 0, 17)",minecraft:bedrock,
"(24, 0, 18)",minecraft:bedrock,
"(24, 0, 19)",minecraft:bedrock,
"(24, 0, 20)",minecraft:bedrock,
"(24, 0, 21)",minecraft:bedrock,
"(24, 0, 22)",minecraft:bedrock,
"(24, 0, 23)",minecraft:bedrock,
"(24, 0, 24)",minecraft:bedrock,
"(24, 5, 11)","minecraft:spruce_wall_sign[facing=east,waterlogged=false]",
"(24, 5, 13)","minecraft:spruce_wall_sign[facing=east,waterlogged=false]",
"(2, 5, 12)",*villager,
"(12, 5, 2)",*villager,
"(12, 5, 22)",*villager,
"(22, 5, 12)",*villager,
"(0, 3, 2)",minecraft:dirt_path,
"(0, 3, 3)",minecraft:dirt_path,
"(0, 3, 4)",minecraft:dirt_path,
"(0, 3, 5)",minecraft:dirt_path,
"(0, 3, 6)",minecraft:dirt_path,
"(0, 3, 7)",minecraft:dirt_path,
"(0, 3, 8)",minecraft:dirt_path,
"(0, 3, 9)",minecraft:dirt_path,
"(0, 3, 10)",minecraft:dirt_path,
"(0, 3, 11)",minecraft:dirt_path,
"(0, 3, 12)",minecraft:dirt_path,
"(0, 3, 13)",minecraft:dirt_path,
"(0, 3, 14)",minecraft:dirt_path,
"(0, 3, 15)",minecraft:dirt_path,
"(0, 3, 16)",minecraft:dirt_path,
"(0, 3, 17)",minecraft:dirt_path,
"(0, 3, 18)",minecraft:dirt_path,
"(0, 3, 19)",minecraft:dirt_path,
"(0, 3, 20)",minecraft:dirt_path,
"(0, 3, 21)",minecraft:dirt_path,
"(0, 3, 22)",minecraft:dirt_path,
"(1, 3, 1)",minecraft:dirt_path,
"(1, 3, 2)",minecraft:dirt_path,
"(1, 3, 3)",minecraft:dirt_path,
"(1, 3, 4)",minecraft:dirt_path,
"(1, 3, 5)",minecraft:dirt_path,
"(1, 3, 6)",minecraft:dirt_path,
"(1, 3, 7)",minecraft:dirt_path,
"(1, 3, 8)",minecraft:dirt_path,
"(1, 3, 9)",minecraft:dirt_path,
"(1, 3, 10)",minecraft:dirt_path,
"(1, 3, 11)",minecraft:dirt_path,
"(1, 3, 12)",minecraft:dirt_path,
"(1, 3, 13)",minecraft:dirt_path,
"(1, 3, 14)",minecraft:dirt_path,
"(1, 3, 15)",minecraft:dirt_path,
"(1, 3, 16)",minecraft:dirt_path,
"(1, 3, 17)",minecraft:dirt_path,
"(1, 3, 18)",minecraft:dirt_path,
"(1, 3, 19)",minecraft:dirt_path,
"(1, 3, 20)",minecraft:dirt_path,
"(1, 3, 21)",minecraft:dirt_path,
"(1, 3, 22)",minecraft:dirt_path,
"(1, 3, 23)",minecraft:dirt_path,
"(2, 3, 0)",minecraft:dirt_path,
"(2, 3, 1)",minecraft:dirt_path,
"(2, 3, 2)",minecraft:dirt_path,
"(2, 3, 3)",minecraft:dirt_path,
"(2, 3, 4)",minecraft:dirt_path,
"(2, 3, 5)",minecraft:dirt_path,
"(2, 3, 6)",minecraft:dirt_path,
"(2, 3, 7)",minecraft:dirt_path,
"(2, 3, 8)",minecraft:dirt_path,
"(2, 3, 9)",minecraft:dirt_path,
"(2, 3, 10)",minecraft:dirt_path,
"(2, 3, 11)",minecraft:dirt_path,
"(2, 3, 12)",minecraft:dirt_path,
"(2, 3, 13)",minecraft:dirt_path,
"(2, 3, 14)",minecraft:dirt_path,
"(2, 3, 15)",minecraft:dirt_path,
"(2, 3, 16)",minecraft:dirt_path,
"(2, 3, 17)",minecraft:dirt_path,
"(2, 3, 18)",minecraft:dirt_path,
"(2, 3, 19)",minecraft:dirt_path,
"(2, 3, 20)",minecraft:dirt_path,
"(2, 3, 21)",minecraft:dirt_path,
"(2, 3, 22)",minecraft:dirt_path,
"(2, 3, 23)",minecraft:dirt_path,
"(2, 3, 24)",minecraft:dirt_path,
"(3, 3, 0)",minecraft:dirt_path,
"(3, 3, 1)",minecraft:dirt_path,
"(3, 3, 2)",minecraft:dirt_path,
"(3, 3, 3)",minecraft:dirt_path,
"(3, 3, 4)",minecraft:dirt_path,
"(3, 3, 5)",minecraft:dirt_path,
"(3, 3, 6)",minecraft:dirt_path,
"(3, 3, 7)",minecraft:dirt_path,
"(3, 3, 8)",minecraft:dirt_path,
"(3, 3, 9)",minecraft:dirt_path,
"(3, 3, 10)",minecraft:dirt_path,
"(3, 3, 11)",minecraft:dirt_path,
"(3, 3, 12)",minecraft:dirt_path,
"(3, 3, 13)",minecraft:dirt_path,
"(3, 3, 14)",minecraft:dirt_path,
"(3, 3, 15)",minecraft:dirt_path,
"(3, 3, 16)",minecraft:dirt_path,
"(3, 3, 17)",minecraft:dirt_path,
"(3, 3, 18)",minecraft:dirt_path,
"(3, 3, 19)",minecraft:dirt_path,
"(3, 3, 20)",minecraft:dirt_path,
"(3, 3, 21)",minecraft:dirt_path,
"(3, 3, 22)",minecraft:dirt_path,
"(3, 3, 23)",minecraft:dirt_path,
"(3, 3, 24)",minecraft:dirt_path,
"(4, 3, 0)",minecraft:dirt_path,
"(4, 3, 1)",minecraft:dirt_path,
"(4, 3, 2)",minecraft:dirt_path,
"(4, 3, 3)",minecraft:dirt_path,
"(4, 3, 4)",minecraft:dirt_path,
"(4, 3, 5)",minecraft:dirt_path,
"(4, 3, 6)",minecraft:dirt_path,
"(4, 3, 7)",minecraft:dirt_path,
"(4, 3, 8)",minecraft:dirt_path,
"(4, 3, 9)",minecraft:dirt_path,
"(4, 3, 10)",minecraft:dirt_path,
"(4, 3, 11)",minecraft:dirt_path,
"(4, 3, 12)",minecraft:dirt_path,
"(4, 3, 13)",minecraft:dirt_path,
"(4, 3, 14)",minecraft:dirt_path,
"(4, 3, 15)",minecraft:dirt_path,
"(4, 3, 16)",minecraft:dirt_path,
"(4, 3, 17)",minecraft:dirt_path,
"(4, 3, 18)",minecraft:dirt_path,
"(4, 3, 19)",minecraft:dirt_path,
"(4, 3, 20)",minecraft:dirt_path,
"(4, 3, 21)",minecraft:dirt_path,
"(4, 3, 22)",minecraft:dirt_path,
"(4, 3, 23)",minecraft:dirt_path,
"(4, 3, 24)",minecraft:dirt_path,
"(5, 3, 0)",minecraft:dirt_path,
"(5, 3, 1)",minecraft:dirt_path,
"(5, 3, 2)",minecraft:dirt_path,
"(5, 3, 3)",minecraft:dirt_path,
"(5, 3, 4)",minecraft:dirt_path,
"(5, 3, 5)",minecraft:dirt_path,
"(5, 3, 6)",minecraft:dirt_path,
"(5, 3, 7)",minecraft:dirt_path,
"(5, 3, 8)",minecraft:dirt_path,
"(5, 3, 9)",minecraft:dirt_path,
"(5, 3, 10)",minecraft:dirt_path,
"(5, 3, 11)",minecraft:dirt_path,
"(5, 3, 12)",minecraft:dirt_path,
"(5, 3, 13)",minecraft:dirt_path,
"(5, 3, 14)",minecraft:dirt_path,
"(5, 3, 15)",minecraft:dirt_path,
"(5, 3, 16)",minecraft:dirt_path,
"(5, 3, 17)",minecraft:dirt_path,
"(5, 3, 18)",minecraft:dirt_path,
"(5, 3, 19)",minecraft:dirt_path,
"(5, 3, 20)",minecraft:dirt_path,
"(5, 3, 21)",minecraft:dirt_path,
"(5, 3, 22)",minecraft:dirt_path,
"(5, 3, 23)",minecraft:dirt_path,
"(5, 3, 24)",minecraft:dirt_path,
"(6, 3, 0)",minecraft:dirt_path,
"(6, 3, 1)",minecraft:dirt_path,
"(6, 3, 2)",minecraft:dirt_path,
"(6, 3, 3)",minecraft:dirt_path,
"(6, 3, 4)",minecraft:dirt_path,
"(6, 3, 5)",minecraft:dirt_path,
"(6, 3, 6)",minecraft:dirt_path,
"(6, 3, 7)",minecraft:dirt_path,
"(6, 3, 8)",minecraft:dirt_path,
"(6, 3, 9)",minecraft:dirt_path,
"(6, 3, 10)",minecraft:dirt_path,
"(6, 3, 11)",minecraft:dirt_path,
"(6, 3, 12)",minecraft:dirt_path,
"(6, 3, 13)",minecraft:dirt_path,
"(6, 3, 14)",minecraft:dirt_path,
"(6, 3, 15)",minecraft:dirt_path,
"(6, 3, 16)",minecraft:dirt_path,
"(6, 3, 17)",minecraft:dirt_path,
"(6, 3, 18)",minecraft:dirt_path,
"(6, 3, 19)",minecraft:dirt_path,
"(6, 3, 20)",minecraft:dirt_path,
"(6, 3, 21)",minecraft:dirt_path,
"(6, 3, 22)",minecraft:dirt_path,
"(6, 3, 23)",minecraft:dirt_path,
"(6, 3, 24)",minecraft:dirt_path,
"(7, 3, 0)",minecraft:dirt_path,
"(7, 3, 1)",minecraft:dirt_path,
"(7, 3, 2)",minecraft:dirt_path,
"(7, 3, 3)",minecraft:dirt_path,
"(7, 3, 4)",minecraft:dirt_path,
"(7, 3, 5)",minecraft:dirt_path,
"(7, 3, 6)",minecraft:dirt_path,
"(7, 3, 7)",minecraft:dirt_path,
"(7, 3, 8)",minecraft:dirt_path,
"(7, 3, 9)",minecraft:dirt_path,
"(7, 3, 10)",minecraft:dirt_path,
"(7, 3, 11)",minecraft:dirt_path,
"(7, 3, 12)",minecraft:dirt_path,
"(7, 3, 13)",minecraft:dirt_path,
"(7, 3, 14)",minecraft:dirt_path,
"(7, 3, 15)",minecraft:dirt_path,
"(7, 3, 16)",minecraft:dirt_path,
"(7, 3, 17)",minecraft:dirt_path,
"(7, 3, 18)",minecraft:dirt_path,
"(7, 3, 19)",minecraft:dirt_path,
"(7, 3, 20)",minecraft:dirt_path,
"(7, 3, 21)",minecraft:dirt_path,
"(7, 3, 22)",minecraft:dirt_path,
"(7, 3, 23)",minecraft:dirt_path,
"(7, 3, 24)",minecraft:dirt_path,
"(8, 3, 0)",minecraft:dirt_path,
"(8, 3, 1)",minecraft:dirt_path,
"(8, 3, 2)",minecraft:dirt_path,
"(8, 3, 3)",minecraft:dirt_path,
"(8, 3, 4)",minecraft:dirt_path,
"(8, 3, 5)",minecraft:dirt_path,
"(8, 3, 6)",minecraft:dirt_path,
"(8, 3, 7)",minecraft:dirt_path,
"(8, 3, 17)",minecraft:dirt_path,
"(8, 3, 18)",minecraft:dirt_path,
"(8, 3, 19)",minecraft:dirt_path,
"(8, 3, 20)",minecraft:dirt_path,
"(8, 3, 21)",minecraft:dirt_path,
"(8, 3, 22)",minecraft:dirt_path,
"(8, 3, 23)",minecraft:dirt_path,
"(8, 3, 24)",minecraft:dirt_path,
"(9, 3, 0)",minecraft:dirt_path,
"(9, 3, 1)",minecraft:dirt_path,
"(9, 3, 2)",minecraft:dirt_path,
"(9, 3, 3)",minecraft:dirt_path,
"(9, 3, 4)",minecraft:dirt_path,
"(9, 3, 5)",minecraft:dirt_path,
"(9, 3, 6)",minecraft:dirt_path,
"(9, 3, 7)",minecraft:dirt_path,
"(9, 3, 17)",minecraft:dirt_path,
"(9, 3, 18)",minecraft:dirt_path,
"(9, 3, 19)",minecraft:dirt_path,
"(9, 3, 20)",minecraft:dirt_path,
"(9, 3, 21)",minecraft:dirt_path,
"(9, 3, 22)",minecraft:dirt_path,
"(9, 3, 23)",minecraft:dirt_path,
"(9, 3, 24)",minecraft:dirt_path,
"(10, 3, 0)",minecraft:dirt_path,
"(10, 3, 1)",minecraft:dirt_path,
"(10, 3, 2)",minecraft:dirt_path,
"(10, 3, 3)",minecraft:dirt_path,
"(10, 3, 4)",minecraft:dirt_path,
"(10, 3, 5)",minecraft:dirt_path,
"(10, 3, 6)",minecraft:dirt_path,
"(10, 3, 7)",minecraft:dirt_path,
"(10, 3, 17)",minecraft:dirt_path,
"(10, 3, 18)",minecraft:dirt_path,
"(10, 3, 19)",minecraft:dirt_path,
"(10, 3, 20)",minecraft:dirt_path,
"(10, 3, 21)",minecraft:dirt_path,
"(10, 3, 22)",minecraft:dirt_path,
"(10, 3, 23)",minecraft:dirt_path,
"(10, 3, 24)",minecraft:dirt_path,
"(11, 3, 0)",minecraft:dirt_path,
"(11, 3, 1)",minecraft:dirt_path,
"(11, 3, 2)",minecraft:dirt_path,
"(11, 3, 3)",minecraft:dirt_path,
"(11, 3, 4)",minecraft:dirt_path,
"(11, 3, 5)",minecraft:dirt_path,
"(11, 3, 6)",minecraft:dirt_path,
"(11, 3, 7)",minecraft:dirt_path,
"(11, 3, 17)",minecraft:dirt_path,
"(11, 3, 18)",minecraft:dirt_path,
"(11, 3, 19)",minecraft:dirt_path,
"(11, 3, 20)",minecraft:dirt_path,
"(11, 3, 21)",minecraft:dirt_path,
"(11, 3, 22)",minecraft:dirt_path,
"(11, 3, 23)",minecraft:dirt_path,
"(11, 3, 24)",minecraft:dirt_path,
"(12, 3, 0)",minecraft:dirt_path,
"(12, 3, 1)",minecraft:dirt_path,
"(12, 3, 2)",minecraft:dirt_path,
"(12, 3, 3)",minecraft:dirt_path,
"(12, 3, 4)",minecraft:dirt_path,
"(12, 3, 5)",minecraft:dirt_path,
"(12, 3, 6)",minecraft:dirt_path,
"(12, 3, 7)",minecraft:dirt_path,
"(12, 3, 17)",minecraft:dirt_path,
"(12, 3, 18)",minecraft:dirt_path,
"(12, 3, 19)",minecraft:dirt_path,
"(12, 3, 20)",minecraft:dirt_path,
"(12, 3, 21)",minecraft:dirt_path,
"(12, 3, 22)",minecraft:dirt_path,
"(12, 3, 23)",minecraft:dirt_path,
"(12, 3, 24)",minecraft:dirt_path,
"(13, 3, 0)",minecraft:dirt_path,
"(13, 3, 1)",minecraft:dirt_path,
"(13, 3, 2)",minecraft:dirt_path,
"(13, 3, 3)",minecraft:dirt_path,
"(13, 3, 4)",minecraft:dirt_path,
"(13, 3, 5)",minecraft:dirt_path,
"(13, 3, 6)",minecraft:dirt_path,
"(13, 3, 7)",minecraft:dirt_path,
"(13, 3, 17)",minecraft:dirt_path,
"(13, 3, 18)",minecraft:dirt_path,
"(13, 3, 19)",minecraft:dirt_path,
"(13, 3, 20)",minecraft:dirt_path,
"(13, 3, 21)",minecraft:dirt_path,
"(13, 3, 22)",minecraft:dirt_path,
"(13, 3, 23)",minecraft:dirt_path,
"(13, 3, 24)",minecraft:dirt_path,
"(14, 3, 0)",minecraft:dirt_path,
"(14, 3, 1)",minecraft:dirt_path,
"(14, 3, 2)",minecraft:dirt_path,
"(14, 3, 3)",minecraft:dirt_path,
"(14, 3, 4)",minecraft:dirt_path,
"(14, 3, 5)",minecraft:dirt_path,
"(14, 3, 6)",minecraft:dirt_path,
"(14, 3, 7)",minecraft:dirt_path,
"(14, 3, 17)",minecraft:dirt_path,
"(14, 3, 18)",minecraft:dirt_path,
"(14, 3, 19)",minecraft:dirt_path,
"(14, 3, 20)",minecraft:dirt_path,
"(14, 3, 21)",minecraft:dirt_path,
"(14, 3, 22)",minecraft:dirt_path,
"(14, 3, 23)",minecraft:dirt_path,
"(14, 3, 24)",minecraft:dirt_path,
"(15, 3, 0)",minecraft:dirt_path,
"(15, 3, 1)",minecraft:dirt_path,
"(15, 3, 2)",minecraft:dirt_path,
"(15, 3, 3)",minecraft:dirt_path,
"(15, 3, 4)",minecraft:dirt_path,
"(15, 3, 5)",minecraft:dirt_path,
"(15, 3, 6)",minecraft:dirt_path,
"(15, 3, 7)",minecraft:dirt_path,
"(15, 3, 17)",minecraft:dirt_path,
"(15, 3, 18)",minecraft:dirt_path,
"(15, 3, 19)",minecraft:dirt_path,
"(15, 3, 20)",minecraft:dirt_path,
"(15, 3, 21)",minecraft:dirt_path,
"(15, 3, 22)",minecraft:dirt_path,
"(15, 3, 23)",minecraft:dirt_path,
"(15, 3, 24)",minecraft:dirt_path,
"(16, 3, 0)",minecraft:dirt_path,
"(16, 3, 1)",minecraft:dirt_path,
"(16, 3, 2)",minecraft:dirt_path,
"(16, 3, 3)",minecraft:dirt_path,
"(16, 3, 4)",minecraft:dirt_path,
"(16, 3, 5)",minecraft:dirt_path,
"(16, 3, 6)",minecraft:dirt_path,
"(16, 3, 7)",minecraft:dirt_path,
"(16, 3, 17)",minecraft:dirt_path,
"(16, 3, 18)",minecraft:dirt_path,
"(16, 3, 19)",minecraft:dirt_path,
"(16, 3, 20)",minecraft:dirt_path,
"(16, 3, 21)",minecraft:dirt_path,
"(16, 3, 22)",minecraft:dirt_path,
"(16, 3, 23)",minecraft:dirt_path,
"(16, 3, 24)",minecraft:dirt_path,
"(17, 3, 0)",minecraft:dirt_path,
"(17, 3, 1)",minecraft:dirt_path,
"(17, 3, 2)",minecraft:dirt_path,
"(17, 3, 3)",minecraft:dirt_path,
"(17, 3, 4)",minecraft:dirt_path,
"(17, 3, 5)",minecraft:dirt_path,
"(17, 3, 6)",minecraft:dirt_path,
"(17, 3, 7)",minecraft:dirt_path,
"(17, 3, 8)",minecraft:dirt_path,
"(17, 3, 9)",minecraft:dirt_path,
"(17, 3, 10)",minecraft:dirt_path,
"(17, 3, 11)",minecraft:dirt_path,
"(17, 3, 12)",minecraft:dirt_path,
"(17, 3, 13)",minecraft:dirt_path,
"(17, 3, 14)",minecraft:dirt_path,
"(17, 3, 15)",minecraft:dirt_path,
"(17, 3, 16)",minecraft:dirt_path,
"(17, 3, 17)",minecraft:dirt_path,
"(17, 3, 18)",minecraft:dirt_path,
"(17, 3, 19)",minecraft:dirt_path,
"(17, 3, 20)",minecraft:dirt_path,
"(17, 3, 21)",minecraft:dirt_path,
"(17, 3, 22)",minecraft:dirt_path,
"(17, 3, 23)",minecraft:dirt_path,
"(17, 3, 24)",minecraft:dirt_path,
"(18, 3, 0)",minecraft:dirt_path,
"(18, 3, 1)",minecraft:dirt_path,
"(18, 3, 2)",minecraft:dirt_path,
"(18, 3, 3)",minecraft:dirt_path,
"(18, 3, 4)",minecraft:dirt_path,
"(18, 3, 5)",minecraft:dirt_path,
"(18, 3, 6)",minecraft:dirt_path,
"(18, 3, 7)",minecraft:dirt_path,
"(18, 3, 8)",minecraft:dirt_path,
"(18, 3, 9)",minecraft:dirt_path,
"(18, 3, 10)",minecraft:dirt_path,
"(18, 3, 11)",minecraft:dirt_path,
"(18, 3, 12)",minecraft:dirt_path,
"(18, 3, 13)",minecraft:dirt_path,
"(18, 3, 14)",minecraft:dirt_path,
"(18, 3, 15)",minecraft:dirt_path,
"(18, 3, 16)",minecraft:dirt_path,
"(18, 3, 17)",minecraft:dirt_path,
"(18, 3, 18)",minecraft:dirt_path,
"(18, 3, 19)",minecraft:dirt_path,
"(18, 3, 20)",minecraft:dirt_path,
"(18, 3, 21)",minecraft:dirt_path,
"(18, 3, 22)",minecraft:dirt_path,
"(18, 3, 23)",minecraft:dirt_path,
"(18, 3, 24)",minecraft:dirt_path,
"(19, 3, 0)",minecraft:dirt_path,
"(19, 3, 1)",minecraft:dirt_path,
"(19, 3, 2)",minecraft:dirt_path,
"(19, 3, 3)",minecraft:dirt_path,
"(19, 3, 4)",minecraft:dirt_path,
"(19, 3, 5)",minecraft:dirt_path,
"(19, 3, 6)",minecraft:dirt_path,
"(19, 3, 7)",minecraft:dirt_path,
"(19, 3, 8)",minecraft:dirt_path,
"(19, 3, 9)",minecraft:dirt_path,
"(19, 3, 10)",minecraft:dirt_path,
"(19, 3, 11)",minecraft:dirt_path,
"(19, 3, 12)",minecraft:dirt_path,
"(19, 3, 13)",minecraft:dirt_path,
"(19, 3, 14)",minecraft:dirt_path,
"(19, 3, 15)",minecraft:dirt_path,
"(19, 3, 16)",minecraft:dirt_path,
"(19, 3, 17)",minecraft:dirt_path,
"(19, 3, 18)",minecraft:dirt_path,
"(19, 3, 19)",minecraft:dirt_path,
"(19, 3, 20)",minecraft:dirt_path,
"(19, 3, 21)",minecraft:dirt_path,
"(19, 3, 22)",minecraft:dirt_path,
"(19, 3, 23)",minecraft:dirt_path,
"(19, 3, 24)",minecraft:dirt_path,
"(20, 3, 0)",minecraft:dirt_path,
"(20, 3, 1)",minecraft:dirt_path,
"(20, 3, 2)",minecraft:dirt_path,
"(20, 3, 3)",minecraft:dirt_path,
"(20, 3, 4)",minecraft:dirt_path,
"(20, 3, 5)",minecraft:dirt_path,
"(20, 3, 6)",minecraft:dirt_path,
"(20, 3, 7)",minecraft:dirt_path,
"(20, 3, 8)",minecraft:dirt_path,
"(20, 3, 9)",minecraft:dirt_path,
"(20, 3, 10)",minecraft:dirt_path,
"(20, 3, 11)",minecraft:dirt_path,
"(20, 3, 12)",minecraft:dirt_path,
"(20, 3, 13)",minecraft:dirt_path,
"(20, 3, 14)",minecraft:dirt_path,
"(20, 3, 15)",minecraft:dirt_path,
"(20, 3, 16)",minecraft:dirt_path,
"(20, 3, 17)",minecraft:dirt_path,
"(20, 3, 18)",minecraft:dirt_path,
"(20, 3, 19)",minecraft:dirt_path,
"(20, 3, 20)",minecraft:dirt_path,
"(20, 3, 21)",minecraft:dirt_path,
"(20, 3, 22)",minecraft:dirt_path,
"(20, 3, 23)",minecraft:dirt_path,
"(20, 3, 24)",minecraft:dirt_path,
"(21, 3, 0)",minecraft:dirt_path,
"(21, 3, 1)",minecraft:dirt_path,
"(21, 3, 2)",minecraft:dirt_path,
"(21, 3, 3)",minecraft:dirt_path,
"(21, 3, 4)",minecraft:dirt_path,
"(21, 3, 5)",minecraft:dirt_path,
"(21, 3, 6)",minecraft:dirt_path,
"(21, 3, 7)",minecraft:dirt_path,
"(21, 3, 8)",minecraft:dirt_path,
"(21, 3, 9)",minecraft:dirt_path,
"(21, 3, 10)",minecraft:dirt_path,
"(21, 3, 11)",minecraft:dirt_path,
"(21, 3, 12)",minecraft:dirt_path,
"(21, 3, 13)",minecraft:dirt_path,
"(21, 3, 14)",minecraft:dirt_path,
"(21, 3, 15)",minecraft:dirt_path,
"(21, 3, 16)",minecraft:dirt_path,
"(21, 3, 17)",minecraft:dirt_path,
"(21, 3, 18)",minecraft:dirt_path,
"(21, 3, 19)",minecraft:dirt_path,
"(21, 3, 20)",minecraft:dirt_path,
"(21, 3, 21)",minecraft:dirt_path,
"(21, 3, 22)",minecraft:dirt_path,
"(21, 3, 23)",minecraft:dirt_path,
"(21, 3, 24)",minecraft:dirt_path,
"(22, 3, 0)",minecraft:dirt_path,
"(22, 3, 1)",minecraft:dirt_path,
"(22, 3, 2)",minecraft:dirt_path,
"(22, 3, 3)",minecraft:dirt_path,
"(22, 3, 4)",minecraft:dirt_path,
"(22, 3, 5)",minecraft:dirt_path,
"(22, 3, 6)",minecraft:dirt_path,
"(22, 3, 7)",minecraft:dirt_path,
"(22, 3, 8)",minecraft:dirt_path,
"(22, 3, 9)",minecraft:dirt_path,
"(22, 3, 10)",minecraft:dirt_path,
"(22, 3, 11)",minecraft:dirt_path,
"(22, 3, 12)",minecraft:dirt_path,
"(22, 3, 13)",minecraft:dirt_path,
"(22, 3, 14)",minecraft:dirt_path,
"(22, 3, 15)",minecraft:dirt_path,
"(22, 3, 16)",minecraft:dirt_path,
"(22, 3, 17)",minecraft:dirt_path,
"(22, 3, 18)",minecraft:dirt_path,
"(22, 3, 19)",minecraft:dirt_path,
"(22, 3, 20)",minecraft:dirt_path,
"(22, 3, 21)",minecraft:dirt_path,
"(22, 3, 22)",minecraft:dirt_path,
"(22, 3, 23)",minecraft:dirt_path,
"(22, 3, 24)",minecraft:dirt_path,
"(23, 3, 1)",minecraft:dirt_path,
"(23, 3, 2)",minecraft:dirt_path,
"(23, 3, 3)",minecraft:dirt_path,
"(23, 3, 4)",minecraft:dirt_path,
"(23, 3, 5)",minecraft:dirt_path,
"(23, 3, 6)",minecraft:dirt_path,
"(23, 3, 7)",minecraft:dirt_path,
"(23, 3, 8)",minecraft:dirt_path,
"(23, 3, 9)",minecraft:dirt_path,
"(23, 3, 10)",minecraft:dirt_path,
"(23, 3, 11)",minecraft:dirt_path,
"(23, 3, 12)",minecraft:dirt_path,
"(23, 3, 13)",minecraft:dirt_path,
"(23, 3, 14)",minecraft:dirt_path,
"(23, 3, 15)",minecraft:dirt_path,
"(23, 3, 16)",minecraft:dirt_path,
"(23, 3, 17)",minecraft:dirt_path,
"(23, 3, 18)",minecraft:dirt_path,
"(23, 3, 19)",minecraft:dirt_path,
"(23, 3, 20)",minecraft:dirt_path,
"(23, 3, 21)",minecraft:dirt_path,
"(23, 3, 22)",minecraft:dirt_path,
"(23, 3, 23)",minecraft:dirt_path,
"(24, 3, 2)",minecraft:dirt_path,
"(24, 3, 3)",minecraft:dirt_path,
"(24, 3, 4)",minecraft:dirt_path,
"(24, 3, 5)",minecraft:dirt_path,
"(24, 3, 6)",minecraft:dirt_path,
"(24, 3, 7)",minecraft:dirt_path,
"(24, 3, 8)",minecraft:dirt_path,
"(24, 3, 9)",minecraft:dirt_path,
"(24, 3, 10)",minecraft:dirt_path,
"(24, 3, 11)",minecraft:dirt_path,
"(24, 3, 12)",minecraft:dirt_path,
"(24, 3, 13)",minecraft:dirt_path,
"(24, 3, 14)",minecraft:dirt_path,
"(24, 3, 15)",minecraft:dirt_path,
"(24, 3, 16)",minecraft:dirt_path,
"(24, 3, 17)",minecraft:dirt_path,
"(24, 3, 18)",minecraft:dirt_path,
"(24, 3, 19)",minecraft:dirt_path,
"(24, 3, 20)",minecraft:dirt_path,
"(24, 3, 21)",minecraft:dirt_path,
"(24, 3, 22)",minecraft:dirt_path,
"(24, 4, 24)","minecraft:tripwire[attached=false,disarmed=false,east=true,north=false,powered=false,south=true,west=false]",
"(14, 4, 24)","minecraft:tripwire[attached=false,disarmed=false,east=true,north=false,powered=false,south=true,west=false]",
"(10, 4, 0)","minecraft:tripwire[attached=false,disarmed=false,east=true,north=false,powered=false,south=true,west=false]",
"(0, 4, 23)","minecraft:tripwire[attached=false,disarmed=false,east=true,north=false,powered=false,south=true,west=false]",
"(21, 4, 0)","minecraft:tripwire[attached=false,disarmed=false,east=true,north=false,powered=false,south=true,west=false]",
"(11, 4, 0)","minecraft:tripwire[attached=false,disarmed=false,east=true,north=false,powered=false,south=true,west=false]",
"(24, 4, 8)","minecraft:tripwire[attached=false,disarmed=false,east=true,north=false,powered=false,south=true,west=false]",
"(24, 4, 17)","minecraft:tripwire[attached=false,disarmed=false,east=true,north=false,powered=false,south=true,west=false]",
"(22, 4, 24)","minecraft:tripwire[attached=false,disarmed=false,east=true,north=false,powered=false,south=true,west=false]",
"(0, 4, 16)","minecraft:tripwire[attached=false,disarmed=false,east=true,north=false,powered=false,south=true,west=false]",
"(17, 4, 24)","minecraft:tripwire[attached=false,disarmed=false,east=true,north=false,powered=false,south=true,west=false]",
"(7, 4, 24)","minecraft:tripwire[attached=false,disarmed=false,east=true,north=false,powered=false,south=true,west=false]",
"(24, 4, 1)","minecraft:tripwire[attached=false,disarmed=false,east=true,north=false,powered=false,south=true,west=false]",
"(24, 4, 10)","minecraft:tripwire[attached=false,disarmed=false,east=true,north=false,powered=false,south=true,west=false]",
"(24, 4, 19)","minecraft:tripwire[attached=false,disarmed=false,east=true,north=false,powered=false,south=true,west=false]",
"(24, 4, 15)","minecraft:tripwire[attached=false,disarmed=false,east=true,north=false,powered=false,south=true,west=false]",
"(0, 4, 9)","minecraft:tripwire[attached=false,disarmed=false,east=true,north=false,powered=false,south=true,west=false]",
"(0, 4, 18)","minecraft:tripwire[attached=false,disarmed=false,east=true,north=false,powered=false,south=true,west=false]",
"(5, 4, 24)","minecraft:tripwire[attached=false,disarmed=false,east=true,north=false,powered=false,south=true,west=false]",
"(18, 4, 24)","minecraft:tripwire[attached=false,disarmed=false,east=true,north=false,powered=false,south=true,west=false]",
"(2, 4, 0)","minecraft:tripwire[attached=false,disarmed=false,east=true,north=false,powered=false,south=true,west=false]",
"(24, 4, 3)","minecraft:tripwire[attached=false,disarmed=false,east=true,north=false,powered=false,south=true,west=false]",
"(24, 4, 12)","minecraft:tripwire[attached=false,disarmed=false,east=true,north=false,powered=false,south=true,west=false]",
"(24, 4, 21)","minecraft:tripwire[attached=false,disarmed=false,east=true,north=false,powered=false,south=true,west=false]",
"(9, 4, 24)","minecraft:tripwire[attached=false,disarmed=false,east=true,north=false,powered=false,south=true,west=false]",
"(0, 4, 11)","minecraft:tripwire[attached=false,disarmed=false,east=true,north=false,powered=false,south=true,west=false]",
"(0, 4, 20)","minecraft:tripwire[attached=false,disarmed=false,east=true,north=false,powered=false,south=true,west=false]",
"(8, 4, 24)","minecraft:tripwire[attached=false,disarmed=false,east=true,north=false,powered=false,south=true,west=false]",
"(20, 4, 0)","minecraft:tripwire[attached=false,disarmed=false,east=true,north=false,powered=false,south=true,west=false]",
"(23, 4, 0)","minecraft:tripwire[attached=false,disarmed=false,east=true,north=false,powered=false,south=true,west=false]",
"(24, 4, 5)","minecraft:tripwire[attached=false,disarmed=false,east=true,north=false,powered=false,south=true,west=false]",
"(24, 4, 14)","minecraft:tripwire[attached=false,disarmed=false,east=true,north=false,powered=false,south=true,west=false]",
"(0, 4, 4)","minecraft:tripwire[attached=false,disarmed=false,east=true,north=false,powered=false,south=true,west=false]",
"(0, 4, 13)","minecraft:tripwire[attached=false,disarmed=false,east=true,north=false,powered=false,south=true,west=false]",
"(6, 4, 24)","minecraft:tripwire[attached=false,disarmed=false,east=true,north=false,powered=false,south=true,west=false]",
"(0, 4, 22)","minecraft:tripwire[attached=false,disarmed=false,east=true,north=false,powered=false,south=true,west=false]",
"(4, 4, 0)","minecraft:tripwire[attached=false,disarmed=false,east=true,north=false,powered=false,south=true,west=false]",
"(19, 4, 24)","minecraft:tripwire[attached=false,disarmed=false,east=true,north=false,powered=false,south=true,west=false]",
"(13, 4, 0)","minecraft:tripwire[attached=false,disarmed=false,east=true,north=false,powered=false,south=true,west=false]",
"(3, 4, 0)","minecraft:tripwire[attached=false,disarmed=false,east=true,north=false,powered=false,south=true,west=false]",
"(16, 4, 0)","minecraft:tripwire[attached=false,disarmed=false,east=true,north=false,powered=false,south=true,west=false]",
"(24, 4, 7)","minecraft:tripwire[attached=false,disarmed=false,east=true,north=false,powered=false,south=true,west=false]",
"(0, 4, 6)","minecraft:tripwire[attached=false,disarmed=false,east=true,north=false,powered=false,south=true,west=false]",
"(0, 4, 15)","minecraft:tripwire[attached=false,disarmed=false,east=true,north=false,powered=false,south=true,west=false]",
"(0, 4, 24)","minecraft:tripwire[attached=false,disarmed=false,east=true,north=false,powered=false,south=true,west=false]",
"(15, 4, 24)","minecraft:tripwire[attached=false,disarmed=false,east=true,north=false,powered=false,south=true,west=false]",
"(1, 4, 0)","minecraft:tripwire[attached=false,disarmed=false,east=true,north=false,powered=false,south=true,west=false]",
"(12, 4, 24)","minecraft:tripwire[attached=false,disarmed=false,east=true,north=false,powered=false,south=true,west=false]",
"(24, 4, 0)","minecraft:tripwire[attached=false,disarmed=false,east=true,north=false,powered=false,south=true,west=false]",
"(14, 4, 0)","minecraft:tripwire[attached=false,disarmed=false,east=true,north=false,powered=false,south=true,west=false]",
"(0, 4, 2)","minecraft:tripwire[attached=false,disarmed=false,east=true,north=false,powered=false,south=true,west=false]",
"(0, 4, 8)","minecraft:tripwire[attached=false,disarmed=false,east=true,north=false,powered=false,south=true,west=false]",
"(0, 4, 17)","minecraft:tripwire[attached=false,disarmed=false,east=true,north=false,powered=false,south=true,west=false]",
"(10, 4, 24)","minecraft:tripwire[attached=false,disarmed=false,east=true,north=false,powered=false,south=true,west=false]",
"(22, 4, 0)","minecraft:tripwire[attached=false,disarmed=false,east=true,north=false,powered=false,south=true,west=false]",
"(24, 4, 2)","minecraft:tripwire[attached=false,disarmed=false,east=true,north=false,powered=false,south=true,west=false]",
"(23, 4, 24)","minecraft:tripwire[attached=false,disarmed=false,east=true,north=false,powered=false,south=true,west=false]",
"(21, 4, 24)","minecraft:tripwire[attached=false,disarmed=false,east=true,north=false,powered=false,south=true,west=false]",
"(11, 4, 24)","minecraft:tripwire[attached=false,disarmed=false,east=true,north=false,powered=false,south=true,west=false]",
"(0, 4, 1)","minecraft:tripwire[attached=false,disarmed=false,east=true,north=false,powered=false,south=true,west=false]",
"(7, 4, 0)","minecraft:tripwire[attached=false,disarmed=false,east=true,north=false,powered=false,south=true,west=false]",
"(0, 4, 10)","minecraft:tripwire[attached=false,disarmed=false,east=true,north=false,powered=false,south=true,west=false]",
"(0, 4, 19)","minecraft:tripwire[attached=false,disarmed=false,east=true,north=false,powered=false,south=true,west=false]",
"(24, 4, 23)","minecraft:tripwire[attached=false,disarmed=false,east=true,north=false,powered=false,south=true,west=false]",
"(5, 4, 0)","minecraft:tripwire[attached=false,disarmed=false,east=true,north=false,powered=false,south=true,west=false]",
"(0, 4, 3)","minecraft:tripwire[attached=false,disarmed=false,east=true,north=false,powered=false,south=true,west=false]",
"(0, 4, 12)","minecraft:tripwire[attached=false,disarmed=false,east=true,north=false,powered=false,south=true,west=false]",
"(24, 4, 16)","minecraft:tripwire[attached=false,disarmed=false,east=true,north=false,powered=false,south=true,west=false]",
"(0, 4, 21)","minecraft:tripwire[attached=false,disarmed=false,east=true,north=false,powered=false,south=true,west=false]",
"(9, 4, 0)","minecraft:tripwire[attached=false,disarmed=false,east=true,north=false,powered=false,south=true,west=false]",
"(8, 4, 0)","minecraft:tripwire[attached=false,disarmed=false,east=true,north=false,powered=false,south=true,west=false]",
"(24, 4, 9)","minecraft:tripwire[attached=false,disarmed=false,east=true,north=false,powered=false,south=true,west=false]",
"(0, 4, 5)","minecraft:tripwire[attached=false,disarmed=false,east=true,north=false,powered=false,south=true,west=false]",
"(0, 4, 14)","minecraft:tripwire[attached=false,disarmed=false,east=true,north=false,powered=false,south=true,west=false]",
"(24, 4, 18)","minecraft:tripwire[attached=false,disarmed=false,east=true,north=false,powered=false,south=true,west=false]",
"(2, 4, 24)","minecraft:tripwire[attached=false,disarmed=false,east=true,north=false,powered=false,south=true,west=false]",
"(20, 4, 24)","minecraft:tripwire[attached=false,disarmed=false,east=true,north=false,powered=false,south=true,west=false]",
"(6, 4, 0)","minecraft:tripwire[attached=false,disarmed=false,east=true,north=false,powered=false,south=true,west=false]",
"(0, 4, 7)","minecraft:tripwire[attached=false,disarmed=false,east=true,north=false,powered=false,south=true,west=false]",
"(19, 4, 0)","minecraft:tripwire[attached=false,disarmed=false,east=true,north=false,powered=false,south=true,west=false]",
"(24, 4, 11)","minecraft:tripwire[attached=false,disarmed=false,east=true,north=false,powered=false,south=true,west=false]",
"(24, 4, 20)","minecraft:tripwire[attached=false,disarmed=false,east=true,north=false,powered=false,south=true,west=false]",
"(17, 4, 0)","minecraft:tripwire[attached=false,disarmed=false,east=true,north=false,powered=false,south=true,west=false]",
"(4, 4, 24)","minecraft:tripwire[attached=false,disarmed=false,east=true,north=false,powered=false,south=true,west=false]",
"(0, 4, 0)","minecraft:tripwire[attached=false,disarmed=false,east=true,north=false,powered=false,south=true,west=false]",
"(24, 4, 4)","minecraft:tripwire[attached=false,disarmed=false,east=true,north=false,powered=false,south=true,west=false]",
"(24, 4, 13)","minecraft:tripwire[attached=false,disarmed=false,east=true,north=false,powered=false,south=true,west=false]",
"(13, 4, 24)","minecraft:tripwire[attached=false,disarmed=false,east=true,north=false,powered=false,south=true,west=false]",
"(3, 4, 24)","minecraft:tripwire[attached=false,disarmed=false,east=true,north=false,powered=false,south=true,west=false]",
"(15, 4, 0)","minecraft:tripwire[attached=false,disarmed=false,east=true,north=false,powered=false,south=true,west=false]",
"(24, 4, 22)","minecraft:tripwire[attached=false,disarmed=false,east=true,north=false,powered=false,south=true,west=false]",
"(16, 4, 24)","minecraft:tripwire[attached=false,disarmed=false,east=true,north=false,powered=false,south=true,west=false]",
"(12, 4, 0)","minecraft:tripwire[attached=false,disarmed=false,east=true,north=false,powered=false,south=true,west=false]",
"(18, 4, 0)","minecraft:tripwire[attached=false,disarmed=false,east=true,north=false,powered=false,south=true,west=false]",
"(24, 4, 6)","minecraft:tripwire[attached=false,disarmed=false,east=true,north=false,powered=false,south=true,west=false]",
"(1, 4, 24)","minecraft:tripwire[attached=false,disarmed=false,east=true,north=false,powered=false,south=true,west=false]",
"(24, 5, 24)","minecraft:tripwire[attached=false,disarmed=false,east=true,north=false,powered=false,south=true,west=false]",
"(14, 5, 24)","minecraft:tripwire[attached=false,disarmed=false,east=true,north=false,powered=false,south=true,west=false]",
"(10, 5, 0)","minecraft:tripwire[attached=false,disarmed=false,east=true,north=false,powered=false,south=true,west=false]",
"(0, 5, 23)","minecraft:tripwire[attached=false,disarmed=false,east=true,north=false,powered=false,south=true,west=false]",
"(21, 5, 0)","minecraft:tripwire[attached=false,disarmed=false,east=true,north=false,powered=false,south=true,west=false]",
"(24, 5, 8)","minecraft:tripwire[attached=false,disarmed=false,east=true,north=false,powered=false,south=true,west=false]",
"(24, 5, 17)","minecraft:tripwire[attached=false,disarmed=false,east=true,north=false,powered=false,south=true,west=false]",
"(22, 5, 24)","minecraft:tripwire[attached=false,disarmed=false,east=true,north=false,powered=false,south=true,west=false]",
"(0, 5, 16)","minecraft:tripwire[attached=false,disarmed=false,east=true,north=false,powered=false,south=true,west=false]",
"(17, 5, 24)","minecraft:tripwire[attached=false,disarmed=false,east=true,north=false,powered=false,south=true,west=false]",
"(7, 5, 24)","minecraft:tripwire[attached=false,disarmed=false,east=true,north=false,powered=false,south=true,west=false]",
"(24, 5, 1)","minecraft:tripwire[attached=false,disarmed=false,east=true,north=false,powered=false,south=true,west=false]",
"(24, 5, 10)","minecraft:tripwire[attached=false,disarmed=false,east=true,north=false,powered=false,south=true,west=false]",
"(24, 5, 19)","minecraft:tripwire[attached=false,disarmed=false,east=true,north=false,powered=false,south=true,west=false]",
"(24, 5, 15)","minecraft:tripwire[attached=false,disarmed=false,east=true,north=false,powered=false,south=true,west=false]",
"(0, 5, 9)","minecraft:tripwire[attached=false,disarmed=false,east=true,north=false,powered=false,south=true,west=false]",
"(0, 5, 18)","minecraft:tripwire[attached=false,disarmed=false,east=true,north=false,powered=false,south=true,west=false]",
"(5, 5, 24)","minecraft:tripwire[attached=false,disarmed=false,east=true,north=false,powered=false,south=true,west=false]",
"(18, 5, 24)","minecraft:tripwire[attached=false,disarmed=false,east=true,north=false,powered=false,south=true,west=false]",
"(2, 5, 0)","minecraft:tripwire[attached=false,disarmed=false,east=true,north=false,powered=false,south=true,west=false]",
"(24, 5, 3)","minecraft:tripwire[attached=false,disarmed=false,east=true,north=false,powered=false,south=true,west=false]",
"(24, 5, 12)","minecraft:tripwire[attached=false,disarmed=false,east=true,north=false,powered=false,south=true,west=false]",
"(24, 5, 21)","minecraft:tripwire[attached=false,disarmed=false,east=true,north=false,powered=false,south=true,west=false]",
"(9, 5, 24)","minecraft:tripwire[attached=false,disarmed=false,east=true,north=false,powered=false,south=true,west=false]",
"(0, 5, 20)","minecraft:tripwire[attached=false,disarmed=false,east=true,north=false,powered=false,south=true,west=false]",
"(8, 5, 24)","minecraft:tripwire[attached=false,disarmed=false,east=true,north=false,powered=false,south=true,west=false]",
"(20, 5, 0)","minecraft:tripwire[attached=false,disarmed=false,east=true,north=false,powered=false,south=true,west=false]",
"(23, 5, 0)","minecraft:tripwire[attached=false,disarmed=false,east=true,north=false,powered=false,south=true,west=false]",
"(24, 5, 5)","minecraft:tripwire[attached=false,disarmed=false,east=true,north=false,powered=false,south=true,west=false]",
"(24, 5, 14)","minecraft:tripwire[attached=false,disarmed=false,east=true,north=false,powered=false,south=true,west=false]",
"(0, 5, 4)","minecraft:tripwire[attached=false,disarmed=false,east=true,north=false,powered=false,south=true,west=false]",
"(6, 5, 24)","minecraft:tripwire[attached=false,disarmed=false,east=true,north=false,powered=false,south=true,west=false]",
"(0, 5, 22)","minecraft:tripwire[attached=false,disarmed=false,east=true,north=false,powered=false,south=true,west=false]",
"(4, 5, 0)","minecraft:tripwire[attached=false,disarmed=false,east=true,north=false,powered=false,south=true,west=false]",
"(19, 5, 24)","minecraft:tripwire[attached=false,disarmed=false,east=true,north=false,powered=false,south=true,west=false]",
"(3, 5, 0)","minecraft:tripwire[attached=false,disarmed=false,east=true,north=false,powered=false,south=true,west=false]",
"(16, 5, 0)","minecraft:tripwire[attached=false,disarmed=false,east=true,north=false,powered=false,south=true,west=false]",
"(24, 5, 7)","minecraft:tripwire[attached=false,disarmed=false,east=true,north=false,powered=false,south=true,west=false]",
"(0, 5, 6)","minecraft:tripwire[attached=false,disarmed=false,east=true,north=false,powered=false,south=true,west=false]",
"(0, 5, 15)","minecraft:tripwire[attached=false,disarmed=false,east=true,north=false,powered=false,south=true,west=false]",
"(0, 5, 24)","minecraft:tripwire[attached=false,disarmed=false,east=true,north=false,powered=false,south=true,west=false]",
"(15, 5, 24)","minecraft:tripwire[attached=false,disarmed=false,east=true,north=false,powered=false,south=true,west=false]",
"(1, 5, 0)","minecraft:tripwire[attached=false,disarmed=false,east=true,north=false,powered=false,south=true,west=false]",
"(12, 5, 24)","minecraft:tripwire[attached=false,disarmed=false,east=true,north=false,powered=false,south=true,west=false]",
"(24, 5, 0)","minecraft:tripwire[attached=false,disarmed=false,east=true,north=false,powered=false,south=true,west=false]",
"(14, 5, 0)","minecraft:tripwire[attached=false,disarmed=false,east=true,north=false,powered=false,south=true,west=false]",
"(0, 5, 2)","minecraft:tripwire[attached=false,disarmed=false,east=true,north=false,powered=false,south=true,west=false]",
"(0, 5, 8)","minecraft:tripwire[attached=false,disarmed=false,east=true,north=false,powered=false,south=true,west=false]",
"(0, 5, 17)","minecraft:tripwire[attached=false,disarmed=false,east=true,north=false,powered=false,south=true,west=false]",
"(10, 5, 24)","minecraft:tripwire[attached=false,disarmed=false,east=true,north=false,powered=false,south=true,west=false]",
"(22, 5, 0)","minecraft:tripwire[attached=false,disarmed=false,east=true,north=false,powered=false,south=true,west=false]",
"(24, 5, 2)","minecraft:tripwire[attached=false,disarmed=false,east=true,north=false,powered=false,south=true,west=false]",
"(23, 5, 24)","minecraft:tripwire[attached=false,disarmed=false,east=true,north=false,powered=false,south=true,west=false]",
"(21, 5, 24)","minecraft:tripwire[attached=false,disarmed=false,east=true,north=false,powered=false,south=true,west=false]",
"(0, 5, 1)","minecraft:tripwire[attached=false,disarmed=false,east=true,north=false,powered=false,south=true,west=false]",
"(7, 5, 0)","minecraft:tripwire[attached=false,disarmed=false,east=true,north=false,powered=false,south=true,west=false]",
"(0, 5, 10)","minecraft:tripwire[attached=false,disarmed=false,east=true,north=false,powered=false,south=true,west=false]",
"(0, 5, 19)","minecraft:tripwire[attached=false,disarmed=false,east=true,north=false,powered=false,south=true,west=false]",
"(24, 5, 23)","minecraft:tripwire[attached=false,disarmed=false,east=true,north=false,powered=false,south=true,west=false]",
"(5, 5, 0)","minecraft:tripwire[attached=false,disarmed=false,east=true,north=false,powered=false,south=true,west=false]",
"(0, 5, 3)","minecraft:tripwire[attached=false,disarmed=false,east=true,north=false,powered=false,south=true,west=false]",
"(0, 5, 12)","minecraft:tripwire[attached=false,disarmed=false,east=true,north=false,powered=false,south=true,west=false]",
"(24, 5, 16)","minecraft:tripwire[attached=false,disarmed=false,east=true,north=false,powered=false,south=true,west=false]",
"(0, 5, 21)","minecraft:tripwire[attached=false,disarmed=false,east=true,north=false,powered=false,south=true,west=false]",
"(9, 5, 0)","minecraft:tripwire[attached=false,disarmed=false,east=true,north=false,powered=false,south=true,west=false]",
"(8, 5, 0)","minecraft:tripwire[attached=false,disarmed=false,east=true,north=false,powered=false,south=true,west=false]",
"(24, 5, 9)","minecraft:tripwire[attached=false,disarmed=false,east=true,north=false,powered=false,south=true,west=false]",
"(0, 5, 5)","minecraft:tripwire[attached=false,disarmed=false,east=true,north=false,powered=false,south=true,west=false]",
"(0, 5, 14)","minecraft:tripwire[attached=false,disarmed=false,east=true,north=false,powered=false,south=true,west=false]",
"(24, 5, 18)","minecraft:tripwire[attached=false,disarmed=false,east=true,north=false,powered=false,south=true,west=false]",
"(2, 5, 24)","minecraft:tripwire[attached=false,disarmed=false,east=true,north=false,powered=false,south=true,west=false]",
"(20, 5, 24)","minecraft:tripwire[attached=false,disarmed=false,east=true,north=false,powered=false,south=true,west=false]",
"(6, 5, 0)","minecraft:tripwire[attached=false,disarmed=false,east=true,north=false,powered=false,south=true,west=false]",
"(0, 5, 7)","minecraft:tripwire[attached=false,disarmed=false,east=true,north=false,powered=false,south=true,west=false]",
"(19, 5, 0)","minecraft:tripwire[attached=false,disarmed=false,east=true,north=false,powered=false,south=true,west=false]",
"(24, 5, 20)","minecraft:tripwire[attached=false,disarmed=false,east=true,north=false,powered=false,south=true,west=false]",
"(17, 5, 0)","minecraft:tripwire[attached=false,disarmed=false,east=true,north=false,powered=false,south=true,west=false]",
"(4, 5, 24)","minecraft:tripwire[attached=false,disarmed=false,east=true,north=false,powered=false,south=true,west=false]",
"(0, 5, 0)","minecraft:tripwire[attached=false,disarmed=false,east=true,north=false,powered=false,south=true,west=false]",
"(24, 5, 4)","minecraft:tripwire[attached=false,disarmed=false,east=true,north=false,powered=false,south=true,west=false]",
"(3, 5, 24)","minecraft:tripwire[attached=false,disarmed=false,east=true,north=false,powered=false,south=true,west=false]",
"(15, 5, 0)","minecraft:tripwire[attached=false,disarmed=false,east=true,north=false,powered=false,south=true,west=false]",
"(24, 5, 22)","minecraft:tripwire[attached=false,disarmed=false,east=true,north=false,powered=false,south=true,west=false]",
"(16, 5, 24)","minecraft:tripwire[attached=false,disarmed=false,east=true,north=false,powered=false,south=true,west=false]",
"(12, 5, 0)","minecraft:tripwire[attached=false,disarmed=false,east=true,north=false,powered=false,south=true,west=false]",
"(18, 5, 0)","minecraft:tripwire[attached=false,disarmed=false,east=true,north=false,powered=false,south=true,west=false]",
"(24, 5, 6)","minecraft:tripwire[attached=false,disarmed=false,east=true,north=false,powered=false,south=true,west=false]",
"(1, 5, 24)","minecraft:tripwire[attached=false,disarmed=false,east=true,north=false,powered=false,south=true,west=false]",
